Season,Team,Player_Name,Carries,Drives,Car_per_Drive,Total_Yards,Yards_per_Car,Yards_per_Drive,Fumbles,TDs,TD_to_Fumbles,Total_EPA,Success_Rate,EPA_per_Car,EPA_Ratio,TD_per_Car,Fumbles_per_Car,Fumbles_per_Drive,TD_Drive,EPA_per_Drive,Total_WPA,WPA_per_Drive,Win_Success_Rate,WPA_per_Car,WPA_Ratio,Total_Clutch_EPA,Clutch_EPA_per_Car,Clutch_EPA_per_Drive
2009,NO,A.Peterson,70,30,2.3333333333333335,351,5.014285714285714,11.7,6,6,1,-2.3736651156060917,0.38571428571428573,-0.03390950165151559,0.4806855579676816,0.08571428571428572,0.08571428571428572,0.2,0.2,-0.07912217052020305,0.38440286011382957,0.012813428670460985,0.4,0.005491469430197566,0.5908761164531245,-0.002986790139743206,-4.266843056776009e-5,-9.955967132477354e-5
2009,IND,T.Jones,64,24,2.6666666666666665,226,3.53125,9.416666666666666,1,0,0,-14.40735995619956,0.328125,-0.22511499931561813,0.31576865803875703,0,0.015625,0.041666666666666664,0,-0.6003066648416483,-0.3655030501818878,-0.015229293757578657,0.296875,-0.0057109851590919965,0.3420316669383229,-0.6319103977275774,-0.009873599964493397,-0.026329599905315724
2009,NYJ,C.Benson,64,30,2.1333333333333333,333,5.203125,11.1,2,2,1,-7.265336101514199,0.375,-0.11352087658615936,0.41980808300432726,0.03125,0.03125,0.06666666666666667,0.06666666666666667,-0.2421778700504733,-0.07077172268258894,-0.0023590574227529645,0.4375,-0.0011058081669154522,0.47434800141301287,-0.30470528864513186,-0.004761020135080185,-0.010156842954837729
2009,ARI,P.Thomas,51,18,2.8333333333333335,265,5.196078431372549,14.722222222222221,0,4,Inf,9.205405606956756,0.5294117647058824,0.1804981491560148,0.6281737747138704,0.0784313725490196,0,0,0.2222222222222222,0.5114114226087086,0.28938071335660925,0.016076706297589404,0.5098039215686274,0.005674131634443319,0.753191428297237,0.6113775713014237,0.011987795515714189,0.033965420627856874
2009,NE,R.Rice,49,12,4.083333333333333,236,4.816326530612245,19.666666666666668,0,4,Inf,9.323175853855675,0.42857142857142855,0.19026889497664642,0.6390015687514617,0.08163265306122448,0,0,0.3333333333333333,0.7769313211546396,0.28949378642382295,0.024124482201985247,0.4897959183673469,0.00590803645762904,0.8212638529799686,1.7156153922961874,0.035012559026452804,0.14296794935801563
2009,MIN,F.Jones,47,22,2.1363636363636362,160,3.404255319148936,7.2727272727272725,1,1,1,-6.496824954531843,0.40425531914893614,-0.1382303181815286,0.39178288330988675,0.02127659574468085,0.02127659574468085,0.045454545454545456,0.045454545454545456,-0.29531022520599287,-0.09024319250789843,-0.004101963295813565,0.3617021276595745,-0.0019200679256999667,0.45718049209665446,0.18221195604560073,0.003876850128629803,0.008282361638436396
2009,DAL,A.Peterson,46,20,2.3,165,3.5869565217391304,8.25,1,0,0,-8.640274584987027,0.2826086956521739,-0.18783205619537016,0.3563802912489002,0,0.021739130434782608,0.05,0,-0.4320137292493514,-0.1222937634152846,-0.00611468817076423,0.32608695652173914,-0.0026585600742453173,0.35349285363214944,-0.2279092471064885,-0.004954548850141054,-0.011395462355324425
2009,BAL,K.Faulk,41,20,2.05,108,2.6341463414634148,5.4,0,0,NaN,-8.456244873823115,0.2926829268292683,-0.2062498749712955,0.3110371804400613,0,0,0,0,-0.4228122436911558,-0.10715256761898047,-0.005357628380949024,0.3170731707317073,-0.0026134772589995236,0.34364411108892495,-0.10270046830481004,-0.0025048894708490253,-0.005135023415240502
2009,CIN,S.Greene,38,11,3.4545454545454546,173,4.552631578947368,15.727272727272727,0,2,Inf,-5.1017853358714405,0.3157894736842105,-0.13425750883872212,0.3977838226849715,0.05263157894736842,0,0,0.18181818181818182,-0.4637986668974037,-0.09651858309068395,-0.008774416644607631,0.3157894736842105,-0.0025399627129127356,0.4234311126847419,0.2314585549223268,0.006091014603219126,0.02104168681112062
2009,SD,S.Greene,38,12,3.1666666666666665,170,4.473684210526316,14.166666666666666,0,1,Inf,-4.136657721830336,0.3157894736842105,-0.10885941373237727,0.41137251473726594,0.02631578947368421,0,0,0.08333333333333333,-0.3447214768191947,0.05385600578277297,0.004488000481897747,0.4473684210526316,0.001417263310072973,0.5348729245122841,0.3481268959350395,0.00916123410355367,0.02901057466125329
2009,PHI,F.Jones,34,11,3.090909090909091,199,5.852941176470588,18.09090909090909,0,2,Inf,4.020588769001639,0.35294117647058826,0.1182526108529894,0.5700317475083121,0.058823529411764705,0,0,0.18181818181818182,0.36550806990923995,0.0747564833194474,0.006796043938131582,0.4411764705882353,0.0021987200976308057,0.5915064767404857,0.4180541099410157,0.012295709115912226,0.03800491908554688
2009,GB,C.Wells,23,9,2.5555555555555554,156,6.782608695652174,17.333333333333332,0,1,Inf,4.274844646954801,0.4782608695652174,0.18586281073716523,0.6422193739258895,0.043478260869565216,0,0,0.1111111111111111,0.4749827385505334,0.07809364056043111,0.008677071173381234,0.4782608695652174,0.003395375676540483,0.6265620984102029,0.159358727465294,0.0069286403245780006,0.017706525273921556
2009,NFC,R.Rice,20,8,2.5,101,5.05,12.625,0,2,Inf,2.7776318547497842,0.45,0.1388815927374892,0.599020447953865,0.1,0,0,0.25,0.34720398184372303,0.22149225890000906,0.027686532362501133,0.65,0.011074612945000454,0.7769373661128808,0.3526195350027946,0.017630976750139728,0.04407744187534932
2009,AFC,D.McNabb,11,6,1.8333333333333333,53,4.818181818181818,8.833333333333334,0,1,Inf,-1.4725471299732564,0.2727272727272727,-0.13386792090665967,0.4287974959854379,0.09090909090909091,0,0,0.16666666666666666,-0.2454245216622094,-0.030515915209570837,-0.0050859858682618065,0.2727272727272727,-0.002774174109960985,0.45321995199698345,0.017176796486156772,0.0015615269532869792,0.002862799414359462
2010,NYJ,R.Mendenhall,94,26,3.6153846153846154,380,4.042553191489362,14.615384615384615,4,2,0.5,-0.7682816810403782,0.43617021276595747,-0.00817320937276998,0.49402379830554843,0.02127659574468085,0.0425531914893617,0.15384615384615385,0.07692307692307693,-0.02954929542462993,-0.07605394057255896,-0.0029251515604830367,0.43617021276595747,-8.090844741761591e-4,0.4813604390129892,0.033141373098836045,3.525677989237877e-4,0.0012746681961090787
2010,GB,M.Forte,83,34,2.4411764705882355,338,4.072289156626506,9.941176470588236,2,4,2,-6.237092005038455,0.39759036144578314,-0.07514568680769222,0.45482251139441066,0.04819277108433735,0.024096385542168676,0.058823529411764705,0.11764705882352941,-0.18344388250113103,-0.13826459959649767,-0.004066605870485226,0.37349397590361444,-0.0016658385493553936,0.4642977746538776,-0.8427241696700203,-0.01015330324903639,-0.024786004990294715
2010,SEA,M.Forte,65,22,2.9545454545454546,272,4.184615384615385,12.363636363636363,2,5,2.5,5.523214087317235,0.4461538461538462,0.08497252442026515,0.5513332801158286,0.07692307692307693,0.03076923076923077,0.09090909090909091,0.22727272727272727,0.25105518578714703,-0.033581115462840025,-0.001526414339220001,0.47692307692307695,-5.166325455821543e-4,0.4824180651625304,0.06916556407747901,0.0010640856011919846,0.0031438892762490457
2010,PIT,R.Rice,50,23,2.1739130434782608,158,3.16,6.869565217391305,2,1,0.5,-17.573143621229963,0.26,-0.3514628724245993,0.28016734831082585,0.02,0.04,0.08695652173913043,0.043478260869565216,-0.7640497226621723,-0.6251574262542958,-0.027180757663230252,0.26,-0.012503148525085916,0.25483094038200926,-0.8557218933287677,-0.017114437866575353,-0.03720529970994642
2010,BAL,R.Mendenhall,47,17,2.764705882352941,183,3.893617021276596,10.764705882352942,2,3,1.5,-11.263530019646545,0.3829787234042553,-0.2396495748860967,0.3812184356881567,0.06382978723404255,0.0425531914893617,0.11764705882352941,0.17647058823529413,-0.6625605893909733,-0.2197679866072722,-0.012927528623957189,0.3617021276595745,-0.004675914608665366,0.4222550063244191,-0.9850839729233671,-0.02095923346645462,-0.05794611605431571
2010,CHI,J.Starks,42,19,2.210526315789474,161,3.8333333333333335,8.473684210526315,1,2,2,-6.107463973176491,0.3333333333333333,-0.14541580888515454,0.4001863630816715,0.047619047619047616,0.023809523809523808,0.05263157894736842,0.10526315789473684,-0.32144547227244685,-0.04094643141814056,-0.002155075337796872,0.3333333333333333,-9.749150337652515e-4,0.4656474596826557,0.02272035753656119,5.409608937276474e-4,0.0011958082913979574
2010,IND,S.Greene,38,9,4.222222222222222,169,4.447368421052632,18.77777777777778,0,2,Inf,6.650237597201368,0.5263157894736842,0.17500625255793073,0.6885987365177072,0.05263157894736842,0,0,0.2222222222222222,0.7389152885779298,0.22679721464171726,0.025199690515746363,0.5,0.0059683477537294015,0.6915124273750385,0.45741721448746586,0.012037295118091207,0.05082413494305176
2010,KC,R.Rice,38,10,3.8,144,3.789473684210526,14.4,0,1,Inf,-3.649220348703975,0.2631578947368421,-0.09603211443957829,0.41886820403235564,0.02631578947368421,0,0,0.1,-0.36492203487039754,-0.13222838590840658,-0.013222838590840658,0.39473684210526316,-0.0034796943660106994,0.30458181333519757,0.028241312322220314,7.431924295321135e-4,0.0028241312322220312
2010,AFC,A.Peterson,32,10,3.2,190,5.9375,19,0,3,Inf,4.987529925112486,0.4375,0.15586031015976518,0.6116014693327887,0.09375,0,0,0.3,0.49875299251124855,0.1143021916851174,0.011430219168511741,0.5,0.003571943490159919,0.8065675217273606,0.1970847306252169,0.006158897832038028,0.01970847306252169
2010,PHI,J.Starks,31,9,3.4444444444444446,139,4.483870967741935,15.444444444444445,2,0,0,-0.38955403051478577,0.3548387096774194,-0.012566259048864057,0.48940739558320984,0,0.06451612903225806,0.2222222222222222,0,-0.043283781168309526,0.07312475839316923,0.00812497315479658,0.41935483870967744,0.002358863173973201,0.5803987197279055,0.23697147087373174,0.007644240995926831,0.026330163430414638
2010,ATL,J.Starks,30,9,3.3333333333333335,97,3.2333333333333334,10.777777777777779,0,2,Inf,-2.5703799430042578,0.3,-0.08567933143347525,0.4184532728765886,0.06666666666666667,0,0,0.2222222222222222,-0.28559777144491755,0.016386569583895727,0.001820729953766192,0.4,5.462189861298576e-4,0.5335865833763211,0.045082593121690114,0.001502753104056337,0.0050091770135211235
2010,NE,S.Greene,28,11,2.5454545454545454,121,4.321428571428571,11,1,1,1,-2.152864730603344,0.25,-0.07688802609297658,0.4329110843253663,0.03571428571428571,0.03571428571428571,0.09090909090909091,0.09090909090909091,-0.19571497550939493,-0.11877824133456333,-0.010798021939505758,0.35714285714285715,-0.004242080047662976,0.3044500277890782,-0.06696884848918054,-0.002391744588899305,-0.006088077135380049
2010,NO,M.Lynch,24,11,2.1818181818181817,150,6.25,13.636363636363637,0,1,Inf,1.2069338738726498,0.4166666666666667,0.05028891141136041,0.5369079978678452,0.041666666666666664,0,0,0.09090909090909091,0.10972126126114999,0.13409869672442626,0.012190790611311479,0.5833333333333334,0.005587445696851094,0.673751559643353,1.0317189822264325,0.042988290926101354,0.0937926347478575
2010,NFC,J.Charles,22,8,2.75,132,6,16.5,1,1,1,7.120666409469068,0.5454545454545454,0.3236666549758667,0.7018539884820281,0.045454545454545456,0.045454545454545456,0.125,0.125,0.8900833011836335,0.01408605593592661,0.0017607569919908263,0.5454545454545454,6.40275269814846e-4,0.5738661798574274,0.012076358107411311,5.489253685186959e-4,0.001509544763426414
2011,NE,R.Rice,98,30,3.2666666666666666,378,3.857142857142857,12.6,1,2,2,-5.229878448294924,0.40816326530612246,-0.05336610661525433,0.4543260775455053,0.02040816326530612,0.01020408163265306,0.03333333333333333,0.06666666666666667,-0.1743292816098308,0.062235777318041446,0.0020745259106013814,0.3979591836734694,6.350589522249127e-4,0.5205536819150176,0.640610062323518,0.0065368373706481435,0.021353668744117267
2011,NYG,M.Turner,91,34,2.676470588235294,444,4.8791208791208796,13.058823529411764,2,0,0,-6.946160132737516,0.38461538461538464,-0.0763314300300826,0.45225682932405903,0,0.02197802197802198,0.058823529411764705,0,-0.20429882743345634,-0.146674827356301,-0.004313965510479441,0.3956043956043956,-0.0016118112896296812,0.4678270923249368,-0.3744465777624252,-0.004114797557828848,-0.011013134640071328
2011,BAL,A.Foster,55,17,3.235294117647059,232,4.218181818181818,13.647058823529411,1,4,4,4.441760321838787,0.38181818181818183,0.08075927857888704,0.5596702911345012,0.07272727272727272,0.01818181818181818,0.058823529411764705,0.23529411764705882,0.26128001893169334,0.15402863903709835,0.009060508178652844,0.41818181818181815,0.0028005207097654243,0.5597933077166327,0.6119034833116226,0.011125517878393137,0.035994322547742506
2011,DEN,I.Redman,53,20,2.65,303,5.716981132075472,15.15,1,2,2,2.5920249989318926,0.4528301886792453,0.04890613205531873,0.5427673964429269,0.03773584905660377,0.018867924528301886,0.05,0.1,0.12960124994659464,0.1967505765044027,0.009837528825220135,0.4716981132075472,0.0037122750283849564,0.6854193215457313,0.4948201254143581,0.009336228781402982,0.024741006270717906
2011,HOU,R.Rice,49,23,2.130434782608696,165,3.36734693877551,7.173913043478261,2,1,0.5,-8.629565335784596,0.3673469387755102,-0.1761135782813183,0.31998109652036566,0.02040816326530612,0.04081632653061224,0.08695652173913043,0.043478260869565216,-0.37519849286019985,-0.19972226468117737,-0.008683576725268581,0.40816326530612246,-0.00407596458533015,0.36009095574408023,-0.29979713115445894,-0.00611830879907059,-0.013034657876280824
2011,SF,A.Bradshaw,39,21,1.8571428571428572,124,3.1794871794871793,5.904761904761905,0,0,NaN,-14.374000460818102,0.28205128205128205,-0.36856411437995135,0.20150791645777183,0,0,0,0,-0.6844762124199096,-1.1471553737736437,-0.05462644637017351,0.3333333333333333,-0.029414240353170352,0.14597431784452733,-5.1545708316414345,-0.13216848286260088,-0.24545575388768737
2011,CIN,A.Foster,35,10,3.5,190,5.428571428571429,19,0,2,Inf,5.490157669746523,0.37142857142857144,0.15686164770704353,0.6086194528478586,0.05714285714285714,0,0,0.2,0.5490157669746523,0.08911145307153334,0.008911145307153335,0.5428571428571428,0.002546041516329524,0.5883987295842678,0.3707973968601831,0.010594211338862375,0.03707973968601831
2011,DET,C.Ivory,33,10,3.3,170,5.151515151515151,17,0,3,Inf,6.6996379443381535,0.48484848484848486,0.2030193316466107,0.5929128737748696,0.09090909090909091,0,0,0.3,0.6699637944338154,0.38345787002799975,0.038345787002799975,0.5151515151515151,0.011619935455393932,0.6911986278600505,1.0283517004897667,0.03116217274211414,0.10283517004897666
2011,PIT,W.McGahee,33,10,3.3,132,4,13.2,2,1,0.5,-8.283472014523827,0.24242424242424243,-0.25101430347041903,0.3197147992875249,0.030303030303030304,0.06060606060606061,0.2,0.1,-0.8283472014523827,-0.18058342643637593,-0.018058342643637593,0.2727272727272727,-0.005472225043526543,0.34471907529766294,-0.5493965125163214,-0.016648379167161255,-0.05493965125163214
2011,NO,F.Gore,32,18,1.7777777777777777,175,5.46875,9.722222222222221,0,2,Inf,5.42128980730217,0.46875,0.1694153064781928,0.6143648554625096,0.0625,0,0,0.1111111111111111,0.30118276707234276,0.30466801539377514,0.01692600085520973,0.46875,0.009520875481055473,0.6584031371015285,1.4578112751929924,0.04555660234978101,0.08098951528849957
2011,ATL,A.Bradshaw,30,9,3.3333333333333335,173,5.766666666666667,19.22222222222222,0,0,NaN,1.8975795345826467,0.36666666666666664,0.06325265115275489,0.5375913595805137,0,0,0,0,0.21084217050918297,0.11378920664619696,0.012643245182910774,0.4,0.003792973554873232,0.6026032410154177,0.452423312379746,0.015080777079324866,0.05026925693108289
2011,GB,A.Bradshaw,24,10,2.4,97,4.041666666666667,9.7,0,1,Inf,-5.105964372738252,0.25,-0.2127485155307605,0.3569693853829248,0.041666666666666664,0,0,0.1,-0.5105964372738252,-0.17791878184691923,-0.017791878184691922,0.4166666666666667,-0.0074132825769549675,0.2672610824701732,-0.2072347436786484,-0.008634780986610349,-0.020723474367864838
2011,NFC,R.Mathews,22,9,2.4444444444444446,128,5.818181818181818,14.222222222222221,0,1,Inf,4.360810129661705,0.5,0.19821864225735022,0.6823113953941806,0.045454545454545456,0,0,0.1111111111111111,0.4845344588513006,0.19058663166853623,0.021176292407615135,0.6818181818181818,0.008663028712206193,0.770449806011502,0.28165016415680244,0.012802280188945565,0.03129446268408916
2011,AFC,M.Lynch,16,9,1.7777777777777777,72,4.5,8,2,0,0,-3.069925117965986,0.5625,-0.19187031987287412,0.40567250148698863,0,0.125,0.2222222222222222,0,-0.34110279088510953,-0.13804692293803503,-0.015338546993115003,0.375,-0.00862793268362719,0.3201330592559563,-0.441791383482405,-0.02761196146765031,-0.049087931498044995
2012,BAL,V.Ballard,127,40,3.175,563,4.433070866141732,14.075,2,2,1,-4.478123294968786,0.4251968503937008,-0.035260813346210916,0.47364535114931344,0.015748031496062992,0.015748031496062992,0.05,0.05,-0.11195308237421966,-0.0817807952509047,-0.0020445198812726177,0.4566929133858268,-6.43943269692163e-4,0.4860034029118051,-0.5421098645990519,-0.0042685816110161565,-0.013552746614976297
2012,GB,A.Peterson,70,21,3.3333333333333335,489,6.985714285714286,23.285714285714285,1,4,4,20.99551754056792,0.5,0.29993596486525603,0.693179746558392,0.05714285714285714,0.014285714285714285,0.047619047619047616,0.19047619047619047,0.9997865495508533,0.47893349895501325,0.02280635709309587,0.5428571428571428,0.006841907127928761,0.6871149569022342,1.6063035341802527,0.02294719334543218,0.07649064448477394
2012,SF,R.Rice,70,24,2.9166666666666665,263,3.757142857142857,10.958333333333334,2,1,0.5,-8.09290563241798,0.32857142857142857,-0.11561293760597113,0.40585959218958817,0.014285714285714285,0.02857142857142857,0.08333333333333333,0.041666666666666664,-0.33720440135074914,-0.07133044913860276,-0.0029721020474417817,0.38571428571428573,-0.0010190064162657537,0.4738216634596363,-0.6860494979180315,-0.009800707113114735,-0.028585395746584644
2012,ATL,F.Gore,54,19,2.8421052631578947,262,4.851851851851852,13.789473684210526,1,5,5,7.820516045583023,0.48148148148148145,0.14482437121450042,0.5928834926335371,0.09259259259259259,0.018518518518518517,0.05263157894736842,0.2631578947368421,0.41160610766226435,0.325417783566531,0.017127251766659527,0.48148148148148145,0.0060262552512320555,0.611283781993324,0.308164057222985,0.005706741800425648,0.016219160906472897
2012,NE,A.Foster,54,21,2.5714285714285716,214,3.962962962962963,10.19047619047619,0,2,Inf,5.33677028057053,0.42592592592592593,0.09882907926982464,0.5793136516942812,0.037037037037037035,0,0,0.09523809523809523,0.2541319181224062,0.1577590777141628,0.007512337034007753,0.4444444444444444,0.002921464402114126,0.6023110516743133,0.40173597999203725,0.007439555185037727,0.019130284761525583
2012,SEA,A.Morris,49,16,3.0625,273,5.571428571428571,17.0625,2,0,0,3.3013548849318846,0.3877551020408163,0.0673745894884058,0.5449623345215231,0,0.04081632653061224,0.125,0,0.20633468030824278,0.19164453294163858,0.011977783308852411,0.46938775510204084,0.003911112917176297,0.6082044071072837,0.31526203776357364,0.006433919138032115,0.019703877360223353
2012,DEN,R.Rice,39,14,2.7857142857142856,155,3.9743589743589745,11.071428571428571,1,1,1,-9.096326321606442,0.2564102564102564,-0.23323913645144723,0.3467422025333016,0.02564102564102564,0.02564102564102564,0.07142857142857142,0.07142857142857142,-0.6497375944004602,-0.38518136713131984,-0.027512954795094274,0.23076923076923078,-0.009876445311059483,0.3538525168747049,-0.4785095075353798,-0.012269474552189226,-0.03417925053824141
2012,HOU,S.Ridley,38,17,2.235294117647059,204,5.368421052631579,12,0,2,Inf,3.766775931386303,0.47368421052631576,0.09912568240490272,0.5619432724869928,0.05263157894736842,0,0,0.11764705882352941,0.2215750547874296,0.13145552996702628,0.007732678233354487,0.5,0.0034593560517638495,0.5804997335626082,0.4488780956483401,0.011812581464430002,0.026404593861667065
2012,CIN,A.Foster,37,11,3.3636363636363638,160,4.324324324324325,14.545454545454545,0,1,Inf,-2.386222377019288,0.35135135135135137,-0.06449249667619697,0.4397181200113328,0.02702702702702703,0,0,0.09090909090909091,-0.21692930700175345,0.05600595792760149,0.005091450720691045,0.43243243243243246,0.001513674538583824,0.5514470498410268,0.1300966227262856,0.0035161249385482598,0.011826965702389601
2012,WAS,M.Lynch,37,9,4.111111111111111,224,6.054054054054054,24.88888888888889,2,1,0.5,4.70105507941452,0.40540540540540543,0.1270555426868789,0.5810610180144058,0.02702702702702703,0.05405405405405406,0.2222222222222222,0.1111111111111111,0.5223394532682799,0.34559664125068557,0.03839962680563173,0.5405405405405406,0.009340449763532042,0.7000259995783136,0.5230604955395082,0.014136770149716437,0.05811783283772313
2012,MIN,D.Harris,31,11,2.8181818181818183,75,2.4193548387096775,6.818181818181818,0,2,Inf,-5.8212698133394465,0.25806451612903225,-0.18778289720449828,0.3433468813827536,0.06451612903225806,0,0,0.18181818181818182,-0.5292063466672224,-0.04114173243838615,-0.0037401574943987407,0.3548387096774194,-0.0013271526593027789,0.44014062560843664,-0.020870798797091163,-6.73251574099715e-4,-0.0018973453451901058
2012,IND,R.Rice,29,11,2.6363636363636362,175,6.0344827586206895,15.909090909090908,2,1,0.5,-5.884288298798596,0.2413793103448276,-0.20290649306202055,0.3591143103876367,0.034482758620689655,0.06896551724137931,0.18181818181818182,0.09090909090909091,-0.5349352998907815,-0.018592600243814705,-0.0016902363858013367,0.4827586206896552,-6.411241463384381e-4,0.4817950607393437,-0.37102486551888825,-0.012793960879961664,-0.03372953322898984
2012,AFC,A.Peterson,24,12,2,89,3.7083333333333335,7.416666666666667,1,2,2,-7.066687882088135,0.2916666666666667,-0.29444532842033894,0.30231792634842036,0.08333333333333333,0.041666666666666664,0.08333333333333333,0.16666666666666666,-0.5888906568406779,-0.13590072074314496,-0.011325060061928746,0.375,-0.005662530030964373,0.27840525422562024,-0.6618156970750895,-0.027575654044795395,-0.05515130808959079
2012,NFC,A.Foster,11,5,2.2,15,1.3636363636363635,3,1,0,0,-6.994595374667394,0.36363636363636365,-0.6358723067879449,0.20744029771736422,0,0.09090909090909091,0.2,0,-1.3989190749334788,-0.10224321859331857,-0.020448643718663714,0.36363636363636365,-0.009294838053938052,0.1949541050763216,-0.11628866448092469,-0.010571696770993153,-0.02325773289618494
2013,SF,M.Lynch,81,24,3.375,335,4.135802469135802,13.958333333333334,2,2,1,-7.547337298901836,0.4691358024691358,-0.09317700369014613,0.4269754190721152,0.024691358024691357,0.024691358024691357,0.08333333333333333,0.08333333333333333,-0.31447238745424316,-0.20037463910227687,-0.008348943295928203,0.4567901234567901,-0.0024737609765713192,0.43788659551837017,-0.5333905405620474,-0.006585068402000585,-0.022224605856751973
2013,IND,L.Blount,78,25,3.12,385,4.935897435897436,15.4,1,7,7,15.461010269801527,0.48717948717948717,0.19821808038207087,0.6318057574676663,0.08974358974358974,0.01282051282051282,0.04,0.28,0.618440410792061,0.2657723855789622,0.010630895423158489,0.5,0.003407338276653362,0.6085632965224604,0.7942658290523894,0.010182895244261402,0.03177063316209558
2013,SEA,K.Robinson,68,28,2.4285714285714284,302,4.4411764705882355,10.785714285714286,3,3,1,-4.181268993929918,0.38235294117647056,-0.06148924991073409,0.46413924928079414,0.04411764705882353,0.04411764705882353,0.10714285714285714,0.10714285714285714,-0.14933103549749707,-0.009715808760958792,-3.469931700342426e-4,0.38235294117647056,-1.4287954060233517e-4,0.49695690126631314,0.23895639449522305,0.0035140646249297506,0.008534156946257965
2013,DEN,M.Lynch,62,22,2.8181818181818183,260,4.193548387096774,11.818181818181818,0,2,Inf,-1.9259025521492914,0.3225806451612903,-0.0310629443895047,0.4765394858348156,0.03225806451612903,0,0,0.09090909090909091,-0.08754102509769507,-0.0559646922281372,-0.002543849646733509,0.3548387096774194,-9.026563262602774e-4,0.4623904521630789,0.6227212724863493,0.010043891491715312,0.02830551238574315
2013,SD,K.Moreno,58,17,3.411764705882353,246,4.241379310344827,14.470588235294118,2,1,0.5,-2.0102197352821207,0.46551724137931033,-0.034658960953140014,0.4711076071754301,0.017241379310344827,0.034482758620689655,0.11764705882352941,0.058823529411764705,-0.11824821972247769,0.12208731085748555,0.0071816065210285615,0.5344827586206896,0.002104953635473889,0.5775573993462799,0.010776711565999431,1.858053718275764e-4,6.339242097646724e-4
2013,NO,M.Lynch,57,20,2.85,254,4.456140350877193,12.7,0,3,Inf,2.075270553039605,0.3684210526315789,0.0364082553164843,0.5251479233606269,0.05263157894736842,0,0,0.15,0.10376352765198024,0.037780234122481576,0.0018890117061240788,0.3684210526315789,6.628111249558171e-4,0.5199315573656035,0.4752470265380383,0.008337667132246285,0.023762351326901916
2013,NE,D.Brown,48,20,2.4,177,3.6875,8.85,0,0,NaN,-5.072773178611918,0.3333333333333333,-0.10568277455441495,0.4153358076355896,0,0,0,0,-0.2536386589305959,-0.019027476779836437,-9.513738389918218e-4,0.4166666666666667,-3.9640576624659245e-4,0.4867470591802,0.25642763490673537,0.00534224239389032,0.012821381745336768
2013,CIN,D.Woodhead,40,11,3.6363636363636362,198,4.95,18,0,2,Inf,1.4164968284636812,0.4,0.03541242071159203,0.5286987541521333,0.05,0,0,0.18181818181818182,0.12877243895124374,-0.009569555513844863,-8.699595921677148e-4,0.45,-2.3923888784612156e-4,0.4910924866149043,0.08626719478198809,0.002156679869549702,0.007842472252908008
2013,PHI,M.Ingram,36,11,3.272727272727273,185,5.138888888888889,16.818181818181817,0,1,Inf,6.553801437515766,0.5555555555555556,0.1820500399309935,0.694101353331608,0.027777777777777776,0,0,0.09090909090909091,0.5958001306832514,0.5567381259618444,0.05061255690562221,0.6666666666666666,0.015464947943384565,0.8383322863823206,0.27093574972058443,0.007525993047794012,0.024630522701871313
2013,CAR,F.Gore,34,7,4.857142857142857,126,3.7058823529411766,18,1,1,1,0.9509839116268007,0.4411764705882353,0.02797011504784708,0.5226880383384003,0.029411764705882353,0.029411764705882353,0.14285714285714285,0.14285714285714285,0.1358548445181144,0.06675134891768464,0.009535906988240663,0.5588235294117647,0.0019632749681671954,0.5843409707518723,0.16199129101640766,0.004764449735776696,0.023141613002343953
2013,GB,F.Gore,30,8,3.75,167,5.566666666666666,20.875,0,1,Inf,4.56883362280111,0.43333333333333335,0.15229445409337034,0.6031033824444831,0.03333333333333333,0,0,0.125,0.5711042028501387,0.33118617826525953,0.04139827228315744,0.5,0.011039539275508652,0.6677086797567016,0.7455394229854063,0.024851314099513543,0.09319242787317579
2013,SAN,M.Forte,21,11,1.9090909090909092,114,5.428571428571429,10.363636363636363,2,0,0,1.8982676305611916,0.6190476190476191,0.09039369669339008,0.5533472831352201,0,0.09523809523809523,0.18181818181818182,0,0.17256978459647196,0.08216555538368789,0.0074695959439716264,0.5714285714285714,0.003912645494461328,0.5697750936257022,-0.4615591922161827,-0.021979009153151558,-0.04195992656510752
2013,RIC,E.Lacy,17,10,1.7,62,3.6470588235294117,6.2,2,1,0.5,1.9238924445794399,0.4117647058823529,0.11317014379879058,0.556249198987972,0.058823529411764705,0.11764705882352941,0.2,0.1,0.19238924445794398,0.07070378194701382,0.007070378194701382,0.47058823529411764,0.004159045996883166,0.5625240214735583,0.315612631513564,0.01856544891256259,0.0315612631513564
2013,KC,D.Brown,16,8,2,102,6.375,12.75,2,2,1,-3.757554444925055,0.5,-0.23484715280781593,0.401993890497545,0.125,0.125,0.25,0.25,-0.46969430561563186,-0.18747554513599496,-0.02343444314199937,0.5,-0.011717221570999685,0.2642639879895898,-1.0616924374789063,-0.06635577734243164,-0.1327115546848633
2014,IND,L.Blount,81,31,2.6129032258064515,376,4.6419753086419755,12.129032258064516,1,5,5,11.675929932504317,0.4691358024691358,0.14414728311733724,0.607702640273108,0.06172839506172839,0.012345679012345678,0.03225806451612903,0.16129032258064516,0.3766429010485264,0.2750038177386537,0.00887109089479528,0.4567901234567901,0.003395108860971033,0.6173064109193434,0.7954400186175746,0.009820247143426847,0.0256593554392766
2014,SEA,E.Lacy,79,28,2.8214285714285716,328,4.151898734177215,11.714285714285714,2,1,0.5,-14.896750186492408,0.379746835443038,-0.18856645805686592,0.35722947169745495,0.012658227848101266,0.02531645569620253,0.07142857142857142,0.03571428571428571,-0.5320267923747288,-0.18650579404280992,-0.00666092121581464,0.43037974683544306,-0.0023608328359849356,0.4361654380771329,-0.8361230504537994,-0.010583836081693663,-0.029861537516207123
2014,NE,J.Forsett,75,29,2.586206896551724,382,5.093333333333334,13.172413793103448,0,2,Inf,5.53121840847393,0.48,0.07374957877965241,0.5614663755801228,0.02666666666666667,0,0,0.06896551724137931,0.19073166925772173,0.3466533662448729,0.01195356435327148,0.48,0.004622044883264972,0.613813672885548,0.5709241936107665,0.007612322581476887,0.01968704115899195
2014,GB,D.Murray,62,19,3.263157894736842,340,5.483870967741935,17.894736842105264,2,3,1.5,5.486548088676108,0.5161290322580645,0.08849271110767916,0.5658916488215507,0.04838709677419355,0.03225806451612903,0.10526315789473684,0.15789473684210525,0.2887656888776899,0.35787677195206397,0.01883561957642442,0.4838709677419355,0.005772205999226838,0.6165307828515755,0.8896755687729758,0.014349605947951222,0.04682502993541978
2014,DAL,E.Lacy,49,14,3.5,211,4.3061224489795915,15.071428571428571,1,1,1,-3.5826280335584264,0.32653061224489793,-0.07311485782772299,0.44574324934175913,0.02040816326530612,0.02040816326530612,0.07142857142857142,0.07142857142857142,-0.2559020023970305,0.015186695119028704,0.0010847639370734788,0.3877551020408163,3.099325534495654e-4,0.5081444651625074,-0.08665571212781291,-0.0017684839209757737,-0.0061896937234152075
2014,ARI,J.Stewart,42,12,3.5,200,4.761904761904762,16.666666666666668,1,1,1,-0.5855656957389419,0.38095238095238093,-0.013942040374736711,0.4914851008322124,0.023809523809523808,0.023809523809523808,0.08333333333333333,0.08333333333333333,-0.048797141311578494,0.099643018782032855,0.008303584898502738,0.4523809523809524,0.0023724528281436393,0.5600140962685963,0.5521751767584024,0.013147028018057201,0.046014598063200206
2014,CAR,M.Lynch,40,17,2.3529411764705883,129,3.225,7.588235294117647,3,1,0.3333333333333333,-21.417449499600178,0.25,-0.5354362374900045,0.2310331780819397,0.025,0.075,0.17647058823529413,0.058823529411764705,-1.2598499705647164,-0.17957122095188177,-0.010563012997169515,0.3,-0.004489280523797044,0.38809578478711676,-0.3984962581521562,-0.009962406453803906,-0.023440956361891543
2014,BAL,J.Harris,28,12,2.3333333333333335,88,3.142857142857143,7.333333333333333,1,1,1,-0.85538661929546,0.39285714285714285,-0.030549522117695,0.47887538656918205,0.03571428571428571,0.03571428571428571,0.08333333333333333,0.08333333333333333,-0.07128221827462167,-0.04259447864150162,-0.003549539886791802,0.42857142857142855,-0.0015212313800536293,0.46295527436237155,0.13196205132941333,0.004712930404621904,0.010996837610784444
2014,DEN,D.Herron,28,9,3.111111111111111,99,3.5357142857142856,11,0,1,Inf,-2.2357189520243237,0.32142857142857145,-0.07984710542944014,0.43044906343011785,0.03571428571428571,0,0,0.1111111111111111,-0.24841321689159152,0.05582706105251922,0.006203006783613247,0.5357142857142857,0.0019938236090185435,0.5742944187878449,0.2070869361469997,0.007395962005249989,0.023009659571888854
2014,CIN,D.Herron,25,9,2.7777777777777777,114,4.56,12.666666666666666,1,1,1,-0.5168210602243385,0.4,-0.02067284240897354,0.4842246744018288,0.04,0.04,0.1111111111111111,0.1111111111111111,-0.057424562247148724,0.11593679880403424,0.012881866533781582,0.52,0.0046374719521613695,0.6875438529008812,0.2600489401952368,0.010401957607809471,0.02889432668835964
2014,CRT,M.Ingram,24,11,2.1818181818181817,152,6.333333333333333,13.818181818181818,2,0,0,-1.5915985045943186,0.5416666666666666,-0.06631660435809661,0.4607140859528421,0,0.08333333333333333,0.18181818181818182,0,-0.14469077314493806,0.11786565464628138,0.010715059513298307,0.5833333333333334,0.004911068943595057,0.5635674975919124,-0.645969685360045,-0.02691540355666854,-0.05872451685091318
2014,PIT,J.Forsett,21,8,2.625,52,2.4761904761904763,6.5,1,1,1,-5.801542138101894,0.38095238095238093,-0.2762639113381854,0.37325864567570194,0.047619047619047616,0.047619047619047616,0.125,0.125,-0.7251927672627367,-0.0765562199009312,-0.0095695274876164,0.47619047619047616,-0.003645534280996724,0.430672227582802,-0.5688467068966097,-0.027087938423648077,-0.0711058383620762
2014,DET,D.Murray,19,8,2.375,75,3.9473684210526314,9.375,0,1,Inf,0.23488709624552007,0.2631578947368421,0.012362478749764214,0.5087226311589987,0.05263157894736842,0,0,0.125,0.02936088703069001,-0.021378360076076103,-0.002672295009509513,0.3157894736842105,-0.0011251768461092687,0.46990049697209774,0.20921192743869632,0.011011154075720859,0.02615149092983704
2014,IRV,A.Morris,14,8,1.75,116,8.285714285714286,14.5,0,0,NaN,4.114333727882244,0.5,0.2938809805630174,0.7405056531333163,0,0,0,0,0.5142917159852805,0.2266653226669954,0.028333165333374426,0.42857142857142855,0.016190380190499672,0.7849754839804255,0.23194882957009313,0.016567773540720938,0.028993603696261642
2015,SEA,A.Peterson,65,18,3.611111111111111,211,3.246153846153846,11.722222222222221,1,2,2,-8.333825140169711,0.3230769230769231,-0.1282126944641494,0.3882595005066421,0.03076923076923077,0.015384615384615385,0.05555555555555555,0.1111111111111111,-0.46299028556498395,0.16364431324403317,0.009091350735779621,0.4153846153846154,0.0025176048191389716,0.5844364458316784,0.3914248771031653,0.006021921186202543,0.021745826505731407
2015,DEN,F.Toussaint,63,35,1.8,252,4,7.2,3,3,1,-17.3746379866339,0.25396825396825395,-0.27578790454974444,0.32227860631958544,0.047619047619047616,0.047619047619047616,0.08571428571428572,0.08571428571428572,-0.49641822818954,-0.6124680492069443,-0.01749908712019841,0.25396825396825395,-0.009721715066776894,0.3093108707413413,-1.5024049683407235,-0.023847697910170215,-0.04292585623830639
2015,NE,C.West,60,22,2.727272727272727,235,3.9166666666666665,10.681818181818182,0,1,Inf,-3.2310748140330507,0.31666666666666665,-0.05385124690055085,0.4575229033763924,0.016666666666666666,0,0,0.045454545454545456,-0.1468670370015023,-0.1511171327057333,-0.006868960577533331,0.26666666666666666,-0.002518618878428888,0.43122000737751554,0.2875991564076752,0.0047933192734612535,0.0130726889276216
2015,CAR,C.Anderson,57,28,2.0357142857142856,228,4,8.142857142857142,0,2,Inf,0.8772726228509636,0.38596491228070173,0.015390747769315151,0.5100031656841906,0.03508771929824561,0,0,0.07142857142857142,0.03133116510182013,-0.2199725614639233,-0.007856162909425831,0.43859649122807015,-0.0038591677449811104,0.39198673708183224,0.20023286849558208,0.003512857342027756,0.007151173874842217
2015,PIT,R.Hillman,56,24,2.3333333333333335,202,3.607142857142857,8.416666666666666,3,2,0.6666666666666666,-10.742926413718758,0.30357142857142855,-0.19183797167354924,0.3652379670807604,0.03571428571428571,0.05357142857142857,0.125,0.08333333333333333,-0.44762193390494825,-0.6027988006489137,-0.025116616693704737,0.4107142857142857,-0.01076426429730203,0.3229721078429434,-0.9118255596951823,-0.016282599280271114,-0.03799273165396593
2015,ARI,J.Stewart,55,21,2.619047619047619,291,5.290909090909091,13.857142857142858,0,3,Inf,6.379328503255741,0.34545454545454546,0.11598779096828621,0.5669723598134071,0.05454545454545454,0,0,0.14285714285714285,0.3037775477740829,0.15452317336438973,0.007358246350685225,0.34545454545454546,0.0028095122429889043,0.5817490802931691,1.1402985262184033,0.020732700476698243,0.054299929819923966
2015,GB,D.Johnson,36,19,1.894736842105263,127,3.5277777777777777,6.684210526315789,0,1,Inf,-2.047419171073693,0.3055555555555556,-0.05687275475204703,0.4562088627418551,0.027777777777777776,0,0,0.05263157894736842,-0.10775890374072068,-0.019697719674041297,-0.0010367220881074366,0.3888888888888889,-5.471588798344805e-4,0.48751474546504453,0.2923512119843654,0.008120866999565705,0.01538690589391397
2015,HOU,S.Ware,35,11,3.1818181818181817,196,5.6,17.818181818181817,0,1,Inf,-1.0157847332008725,0.4,-0.029022420948596358,0.4739019385764723,0.02857142857142857,0,0,0.09090909090909091,-0.09234406665462477,0.02004060837058641,0.0018218734882351282,0.45714285714285713,5.725888105881831e-4,0.5526016654247301,0.02368448764494824,6.766996469985212e-4,0.00215313524044984
2015,KC,A.Blue,33,15,2.2,148,4.484848484848484,9.866666666666667,0,1,Inf,1.4141855444977947,0.30303030303030304,0.04285410740902408,0.5361800001598218,0.030303030303030304,0,0,0.06666666666666667,0.09427903629985297,0.02821440461286243,0.001880960307524162,0.3333333333333333,8.549819579655282e-4,0.5300675557606833,0.35846263014518054,0.01086250394379335,0.02389750867634537
2015,WAS,E.Lacy,31,11,2.8181818181818183,142,4.580645161290323,12.909090909090908,1,2,2,-3.1826963081708257,0.3225806451612903,-0.10266762284422018,0.4360007635482149,0.06451612903225806,0.03225806451612903,0.09090909090909091,0.18181818181818182,-0.2893360280155296,0.09455111519274079,0.008595555926612798,0.41935483870967744,0.00305003597395938,0.581329652023419,0.3318696643757758,0.010705473044379864,0.030169969488706892
2015,CIN,F.Toussaint,29,13,2.230769230769231,167,5.758620689655173,12.846153846153847,1,0,0,0.7617843375339488,0.3448275862068966,0.02626842543220513,0.5177406116301008,0,0.034482758620689655,0.07692307692307693,0,0.05859879519491914,-0.12086060875870724,-0.009296969904515942,0.41379310344827586,-0.0041676071985761115,0.4207624886507639,0.18731635599554072,0.0064591846895014045,0.01440895046119544
2015,MIN,C.Michael,27,10,2.7,112,4.148148148148148,11.2,1,0,0,-8.337790320697291,0.3333333333333333,-0.3088070489147145,0.23126405490335913,0,0.037037037037037035,0.1,0,-0.8337790320697291,-0.26069967177199704,-0.026069967177199706,0.3333333333333333,-0.009655543398962853,0.25054307834252953,-0.3995553064009541,-0.014798344681516818,-0.03995553064009541
2015,RIC,L.Murray,27,11,2.4545454545454546,109,4.037037037037037,9.909090909090908,1,0,0,-6.27080522415567,0.3333333333333333,-0.2322520453390989,0.3596922590243005,0,0.037037037037037035,0.09090909090909091,0,-0.57007320219597,-0.016040757978327047,-0.0014582507253024588,0.5185185185185185,-5.941021473454462e-4,0.46438994785432824,-0.11104676157538097,-0.004112843021310406,-0.010095160143216451
2015,IRV,D.Martin,16,8,2,61,3.8125,7.625,0,1,Inf,4.001868264752467,0.375,0.2501167665470292,0.6436944769884414,0.0625,0,0,0.125,0.5002335330940584,0.046282875199762735,0.005785359399970342,0.375,0.002892679699985171,0.5822733389111673,0.22171915725837427,0.013857447328648392,0.027714894657296783
2016,GB,E.Elliott,72,28,2.5714285714285716,322,4.472222222222222,11.5,2,2,1,-0.17244983483502907,0.375,-0.0023951365949309595,0.49795841872520463,0.027777777777777776,0.027777777777777776,0.07142857142857142,0.07142857142857142,-0.00615892267267961,-0.0035749429693572197,-1.276765346199007e-4,0.4027777777777778,-4.965198568551694e-5,0.49785545734220915,0.229922653862924,0.003193370192540611,0.008211523352247285
2016,ATL,L.Blount,66,26,2.5384615384615383,304,4.606060606060606,11.692307692307692,2,2,1,-5.760575029267609,0.42424242424242425,-0.08728143983738801,0.45003377021399027,0.030303030303030304,0.030303030303030304,0.07692307692307693,0.07692307692307693,-0.2215605780487542,-0.19372564962917282,-0.007450986524198955,0.36363636363636365,-0.0029352371155935276,0.4180484591690612,-0.9002699875655863,-0.013640454357054337,-0.03462576875252255
2016,NE,L.Miller,61,28,2.1785714285714284,262,4.295081967213115,9.357142857142858,0,2,Inf,0.9236347855546316,0.3442622950819672,0.015141553861551338,0.5123411906863125,0.03278688524590164,0,0,0.07142857142857142,0.03298695662695113,0.1314093673211341,0.004693191690040503,0.3770491803278688,0.00215425192329728,0.5647809598206686,0.8365246546152408,0.013713518928118703,0.029875880521972886
2016,PIT,J.Ajayi,59,24,2.4583333333333335,173,2.9322033898305087,7.208333333333333,0,2,Inf,-15.415093222688352,0.288135593220339,-0.26127276648624326,0.32556664552151565,0.03389830508474576,0,0,0.08333333333333333,-0.642295550945348,-0.20829155937918087,-0.008678814974132537,0.3220338983050847,-0.0035303654132064553,0.36556814004783944,-0.1922835927450795,-0.003259043944831856,-0.008011816364378312
2016,HOU,D.Lewis,45,23,1.9565217391304348,180,4,7.826086956521739,1,2,2,-9.438662249386173,0.28888888888888886,-0.2097480499863594,0.33698472226867465,0.044444444444444446,0.022222222222222223,0.043478260869565216,0.08695652173913043,-0.4103766195385293,-0.26406380614142666,-0.011481035049627246,0.37777777777777777,-0.005868084580920593,0.28667662548045064,-0.34066846152687474,-0.007570410256152772,-0.014811672240298902
2016,OAK,L.Miller,42,14,3,125,2.9761904761904763,8.928571428571429,1,2,2,-7.066845682029457,0.2619047619047619,-0.1682582305245109,0.37009720671082497,0.047619047619047616,0.023809523809523808,0.07142857142857142,0.14285714285714285,-0.5047746915735326,-0.14127581080804458,-0.010091129343431756,0.2857142857142857,-0.0033637097811439185,0.3816963935158522,0.008338443557802423,1.9853437042386722e-4,5.956031112716016e-4
2016,SEA,D.Freeman,41,16,2.5625,151,3.682926829268293,9.4375,0,1,Inf,-9.205921713105322,0.3170731707317073,-0.2245346759293981,0.3306005678800763,0.024390243902439025,0,0,0.0625,-0.5753701070690826,-0.17260998671234692,-0.010788124169521683,0.36585365853658536,-0.004209999675910901,0.34487268602383375,-0.04415628230088543,-0.0010769824951435472,-0.0027597676438053395
2016,DET,T.Rawls,35,8,4.375,180,5.142857142857143,22.5,0,1,Inf,5.158100853489891,0.42857142857142855,0.1473743100997112,0.6016693103514974,0.02857142857142857,0,0,0.125,0.6447626066862364,0.27406677435381405,0.034258346794226756,0.5142857142857142,0.00783047926725183,0.6950316404765341,0.5029541354514822,0.014370118155756633,0.06286926693143527
2016,MIA,L.Bell,33,9,3.6666666666666665,181,5.484848484848484,20.11111111111111,0,3,Inf,5.087679614280789,0.45454545454545453,0.15417210952366028,0.6058165477651907,0.09090909090909091,0,0,0.3333333333333333,0.5652977349200877,0.09871809832583267,0.010968677591759186,0.48484848484848486,0.0029914575250252324,0.6659327761401349,0.1772391341213008,0.00537088285216063,0.019693237124588977
2016,KC,L.Bell,31,9,3.4444444444444446,174,5.612903225806452,19.333333333333332,0,0,NaN,4.59015296538309,0.5483870967741935,0.1480694504962287,0.6230440954142284,0,0,0,0,0.5100169961536767,0.1459824228413033,0.016220269204589258,0.5483870967741935,0.00470911041423559,0.6133832870413188,0.36673999246857936,0.011830322337696108,0.04074888805206437
2016,NYG,T.Montgomery,24,11,2.1818181818181817,76,3.1666666666666665,6.909090909090909,0,1,Inf,-7.290155484400232,0.2916666666666667,-0.30375647851667636,0.2835046638678894,0.041666666666666664,0,0,0.09090909090909091,-0.6627414076727484,-0.187451557077093,-0.01704105064337209,0.375,-0.007810481544878875,0.2522389560944743,-0.45840476737834457,-0.019100198640764357,-0.041673160670758595
2016,DAL,T.Montgomery,17,7,2.4285714285714284,87,5.117647058823529,12.428571428571429,0,2,Inf,3.237035727520878,0.47058823529411764,0.1904138663247575,0.6585959477732699,0.11764705882352941,0,0,0.2857142857142857,0.4624336753601254,0.14956021422850813,0.021365744889786875,0.6470588235294118,0.008797659660500478,0.7348066294676183,0.12078384729052417,0.0071049321935602455,0.01725483532721774
2016,NFC,J.Ajayi,16,8,2,35,2.1875,4.375,2,0,0,-11.440859495648171,0.1875,-0.7150537184780107,0.06968586737533741,0,0.125,0.25,0,-1.4301074369560214,-0.2941284739253599,-0.03676605924066999,0.1875,-0.018383029620334994,0.0600497474536454,-0.9932382516907958,-0.06207739073067474,-0.12415478146134948
2016,AFC,E.Elliott,15,7,2.142857142857143,45,3,6.428571428571429,0,0,NaN,-7.706385088146234,0.26666666666666666,-0.5137590058764157,0.13365104605791556,0,0,0,0,-1.100912155449462,-0.1649111207475415,-0.02355873153536307,0.26666666666666666,-0.010994074716502766,0.19308577208656644,-0.3396206259678871,-0.022641375064525807,-0.04851723228112673
2017,NE,L.Fournette,73,27,2.7037037037037037,332,4.5479452054794525,12.296296296296296,0,2,Inf,-0.3674473647839488,0.3150684931506849,-0.0050335255449856,0.49565820416138107,0.0273972602739726,0,0,0.07407407407407407,-0.01360916165866477,0.022117859745601435,8.191799905778309e-4,0.3424657534246575,3.02984380076732e-4,0.5090951851905803,0.5008870098012633,0.006861465887688539,0.01855137073338012
2017,JAC,L.McCoy,66,25,2.64,254,3.8484848484848486,10.16,1,2,2,-8.15467798323504,0.3333333333333333,-0.12355572701871272,0.4172356888498904,0.030303030303030304,0.015151515151515152,0.04,0.08,-0.3261871193294016,-0.07746471175258901,-0.0030985884701035605,0.36363636363636365,-0.0011737077538271062,0.47571451989737396,0.405165526383531,0.0061388716118716815,0.01620662105534124
2017,PHI,D.Freeman,60,24,2.5,269,4.483333333333333,11.208333333333334,0,1,Inf,0.6534623552513034,0.36666666666666664,0.010891039254188389,0.5093627287529029,0.016666666666666666,0,0,0.041666666666666664,0.027227598135470973,0.047747098170488764,0.001989462423770365,0.36666666666666664,7.957849695081461e-4,0.5197946434970097,0.5297111325451764,0.008828518875752941,0.02207129718938235
2017,NO,L.Murray,55,16,3.4375,202,3.672727272727273,12.625,0,2,Inf,-0.8457045899674469,0.32727272727272727,-0.015376447090317217,0.4868809222361063,0.03636363636363636,0,0,0.125,-0.05285653687296543,0.03663120597018313,0.0022894503731364455,0.34545454545454546,6.660219267306023e-4,0.5209483377399474,0.5172044191125899,0.009403716711137997,0.032325276194536866
2017,MIN,J.Ajayi,50,17,2.9411764705882355,195,3.9,11.470588235294118,0,1,Inf,-2.534333570183283,0.36,-0.05068667140366566,0.45305072249931744,0.02,0,0,0.058823529411764705,-0.149078445304899,-0.09773543934284523,-0.005749143490755602,0.36,-0.0019547087868569046,0.41451433423390666,0.14783689917985482,0.002956737983597096,0.008696288187050283
2017,ATL,J.Ajayi,45,16,2.8125,214,4.7555555555555555,13.375,3,2,0.6666666666666666,-6.430185075409724,0.35555555555555557,-0.14289300167577162,0.41992098530632527,0.044444444444444446,0.06666666666666667,0.1875,0.125,-0.4018865672131077,-0.12274545143711968,-0.00767159071481998,0.37777777777777777,-0.0027276766986026597,0.44666143095072486,-0.0019200597454824512,-4.266799434405447e-5,-1.200037340926532e-4
2017,TEN,D.Lewis,40,18,2.2222222222222223,178,4.45,9.88888888888889,0,3,Inf,2.890762592045274,0.425,0.07226906480113185,0.5578825559190621,0.075,0,0,0.16666666666666666,0.160597921780293,0.027460139972887376,0.0015255633318270764,0.475,6.865034993221844e-4,0.5294457861401172,0.004656422042527215,1.1641055106318036e-4,2.5869011347373416e-4
2017,LA,D.Freeman,36,10,3.6,127,3.5277777777777777,12.7,0,1,Inf,-1.5457180960162809,0.3611111111111111,-0.04293661377823002,0.46291873369828157,0.027777777777777776,0,0,0.1,-0.15457180960162809,-0.029599191076598697,-0.00295991910765987,0.4444444444444444,-8.221997521277416e-4,0.47550367225200674,0.22602596840881553,0.006278499122467098,0.022602596840881554
2017,PIT,L.Fournette,34,10,3.4,164,4.823529411764706,16.4,1,4,4,9.112116403263432,0.38235294117647056,0.26800342362539503,0.6849161793918851,0.11764705882352941,0.029411764705882353,0.1,0.4,0.9112116403263432,0.23363315800593026,0.023363315800593025,0.4411764705882353,0.006871563470762655,0.6789013982581303,0.745715769279535,0.021932816743515736,0.07457157692795349
2017,BUF,L.Fournette,33,10,3.3,163,4.9393939393939394,16.3,1,0,0,-0.7689450960313877,0.36363636363636365,-0.02330136654640569,0.48319634410269385,0,0.030303030303030304,0.1,0,-0.07689450960313877,0.0747318525109733,0.007473185251097331,0.42424242424242425,0.0022646015912416153,0.5482784785553263,0.12759237476092958,0.0038664355988160476,0.012759237476092958
2017,KC,D.Henry,28,9,3.111111111111111,211,7.535714285714286,23.444444444444443,2,2,1,10.055416408004547,0.5357142857142857,0.35912201457159093,0.6965187812953045,0.07142857142857142,0.07142857142857142,0.2222222222222222,0.2222222222222222,1.117268489778283,0.1759721576842516,0.019552461964916844,0.6071428571428571,0.0062847199172947,0.6166870094843157,0.6520774565877527,0.023288480592419742,0.07245305073197253
2017,CAR,A.Kamara,21,9,2.3333333333333335,42,2,4.666666666666667,0,2,Inf,-6.588241225179437,0.3333333333333333,-0.3137257726275922,0.2463319898818418,0.09523809523809523,0,0,0.2222222222222222,-0.7320268027977153,-0.1886909585149502,-0.02096566205721669,0.3333333333333333,-0.008985283738807153,0.20171865635527228,-0.33966320165959535,-0.016174438174266444,-0.03774035573995504
2017,AFC,M.Ingram,19,6,3.1666666666666665,60,3.1578947368421053,10,0,0,NaN,-0.8391137718905091,0.42105263157894735,-0.04416388273107943,0.4663197419299513,0,0,0,0,-0.13985229531508483,0.024365547506120744,0.004060924584353458,0.47368421052631576,0.0012823972371642496,0.530097372635632,0.10135709126762726,0.005334583750927751,0.016892848544604544
2017,NFC,K.Hunt,11,6,1.8333333333333333,18,1.6363636363636365,3,0,1,Inf,-2.6417001709770105,0.36363636363636365,-0.24015456099791005,0.2713072108713281,0.09090909090909091,0,0,0.16666666666666666,-0.44028336182950173,-0.09254463492675782,-0.015424105821126305,0.36363636363636365,-0.008413148629705257,0.24023539536456254,-0.17118907237145506,-0.01556264294285955,-0.028531512061909178
