GameID,Team,Opponent,Player_Name,Carries,Drives,Car_per_Drive,Total_Yards,Yards_per_Car,Yards_per_Drive,Fumbles,TDs,TD_to_Fumbles,Total_EPA,Success_Rate,EPA_per_Car,EPA_Ratio,TD_per_Car,Fumbles_per_Car,Fumbles_per_Drive,TD_Drive,EPA_per_Drive,Total_WPA,WPA_per_Drive,Win_Success_Rate,WPA_per_Car,WPA_Ratio,Total_Clutch_EPA,Clutch_EPA_per_Car,Clutch_EPA_per_Drive
2010010900,DAL,PHI,F.Jones,34,11,3.090909090909091,199,5.852941176470588,18.09090909090909,0,2,Inf,4.020588769001639,0.35294117647058826,0.1182526108529894,0.5700317475083121,0.058823529411764705,0,0,0.18181818181818182,0.36550806990923995,0.0747564833194474,0.006796043938131582,0.4411764705882353,0.0021987200976308057,0.5915064767404857,0.4180541099410157,0.012295709115912226,0.03800491908554688
2010010900,PHI,DAL,L.McCoy,13,8,1.625,56,4.3076923076923075,7,1,0,0,-2.630335509825543,0.38461538461538464,-0.20233350075581102,0.39318065947634956,0,0.07692307692307693,0.125,0,-0.3287919387281929,-0.09329741363035034,-0.011662176703793792,0.38461538461538464,-0.007176724125411565,0.2681099187876387,-0.23866944715554933,-0.018359188242734564,-0.029833680894443666
2010010901,NYJ,CIN,S.Greene,38,11,3.4545454545454546,173,4.552631578947368,15.727272727272727,0,2,Inf,-5.1017853358714405,0.3157894736842105,-0.13425750883872212,0.3977838226849715,0.05263157894736842,0,0,0.18181818181818182,-0.4637986668974037,-0.09651858309068395,-0.008774416644607631,0.3157894736842105,-0.0025399627129127356,0.4234311126847419,0.2314585549223268,0.006091014603219126,0.02104168681112062
2010010901,CIN,NYJ,C.Benson,22,10,2.2,171,7.7727272727272725,17.1,0,1,Inf,5.805862735539236,0.5,0.2639028516154198,0.6824898998490163,0.045454545454545456,0,0,0.1,0.5805862735539236,0.16180444078826578,0.01618044407882658,0.5,0.0073547473085575354,0.6616614519480898,0.6032024991095835,0.027418295414071977,0.06032024991095834
2010011000,ARI,GB,C.Wells,23,9,2.5555555555555554,156,6.782608695652174,17.333333333333332,0,1,Inf,4.274844646954801,0.4782608695652174,0.18586281073716523,0.6422193739258895,0.043478260869565216,0,0,0.1111111111111111,0.4749827385505334,0.07809364056043111,0.008677071173381234,0.4782608695652174,0.003395375676540483,0.6265620984102029,0.159358727465294,0.0069286403245780006,0.017706525273921556
2010011000,GB,ARI,R.Grant,19,9,2.111111111111111,91,4.7894736842105265,10.11111111111111,0,2,Inf,4.634258022037062,0.5789473684210527,0.24390831694931905,0.6797973522627012,0.10526315789473684,0,0,0.2222222222222222,0.514917558004118,0.08852455480389038,0.009836061644876708,0.5263157894736842,0.004659187094941598,0.6698101978691082,0.18075809099335274,0.00951358373649225,0.02008423233259475
2010011001,BAL,NE,R.Rice,49,12,4.083333333333333,236,4.816326530612245,19.666666666666668,0,4,Inf,9.323175853855675,0.42857142857142855,0.19026889497664642,0.6390015687514617,0.08163265306122448,0,0,0.3333333333333333,0.7769313211546396,0.28949378642382295,0.024124482201985247,0.4897959183673469,0.00590803645762904,0.8212638529799686,1.7156153922961874,0.035012559026452804,0.14296794935801563
2010011001,NE,BAL,K.Faulk,18,11,1.6363636363636365,64,3.5555555555555554,5.818181818181818,0,0,NaN,0.16160788315589203,0.4444444444444444,0.00897821573088289,0.5077587480331858,0,0,0,0,0.01469162574144473,-0.0060091426227262944,-5.462856929751177e-4,0.3888888888888889,-3.3384125681812745e-4,0.47438050042759583,0.025395807522412425,0.001410878195689579,0.0023087097747647657
2010011600,IND,BAL,J.Addai,23,9,2.5555555555555554,44,1.9130434782608696,4.888888888888889,0,0,NaN,-8.617852756979007,0.17391304347826086,-0.3746892503034351,0.13974779744523458,0,0,0,0,-0.9575391952198896,-0.10114342499625417,-0.01123815833291713,0.2608695652173913,-0.004397540217228442,0.27561506182626183,-0.12809627582722247,-0.00556940329683576,-0.014232919536358052
2010011600,BAL,IND,R.Rice,19,8,2.375,87,4.578947368421052,10.875,1,0,0,-3.2449772956859553,0.3157894736842105,-0.17078827872031344,0.35207857217085836,0,0.05263157894736842,0.125,0,-0.4056221619607444,-0.031211920767641725,-0.0039014900959552156,0.2631578947368421,-0.0016427326719811435,0.4312982057683129,-0.061011487892671364,-0.0032111309417195456,-0.0076264359865839204
2010011601,NO,ARI,P.Thomas,32,9,3.5555555555555554,174,5.4375,19.333333333333332,0,2,Inf,4.571147584919693,0.5,0.1428483620287404,0.5992760184115052,0.0625,0,0,0.2222222222222222,0.5079052872132992,0.20085615855271888,0.022317350950302097,0.5,0.006276754954772465,0.8231184204017364,0.4306194803080709,0.013456858759627216,0.04784660892311899
2010011601,ARI,NO,C.Wells,15,10,1.5,94,6.266666666666667,9.4,2,2,1,0.2521960050721346,0.2,0.01681306700480897,0.5090165149249312,0.13333333333333333,0.13333333333333333,0.2,0.2,0.025219600507213457,0.15616800830824426,0.015616800830824427,0.2,0.01041120055388295,0.7654601004116766,1.0732222741320026,0.07154815160880017,0.10732222741320026
2010011700,MIN,DAL,A.Peterson,33,12,2.75,109,3.303030303030303,9.083333333333334,0,0,NaN,-6.009939075161484,0.24242424242424243,-0.18211936591398437,0.3308804715632141,0,0,0,0,-0.5008282562634571,-0.02899634978493426,-0.002416362482077855,0.30303030303030304,-8.786772662101292e-4,0.4329400357487243,0.010760200049060847,3.26066668153359e-4,8.966833374217373e-4
2010011700,DAL,MIN,F.Jones,25,10,2.5,92,3.68,9.2,1,0,0,-4.708491396529772,0.48,-0.1883396558611909,0.34292943946701976,0,0.04,0.1,0,-0.4708491396529772,-0.07055640530215469,-0.007055640530215469,0.36,-0.0028222562120861876,0.39099831241338595,-0.0980916894252038,-0.003923667577008152,-0.00980916894252038
2010011701,NYJ,SD,S.Greene,38,12,3.1666666666666665,170,4.473684210526316,14.166666666666666,0,1,Inf,-4.136657721830336,0.3157894736842105,-0.10885941373237727,0.41137251473726594,0.02631578947368421,0,0,0.08333333333333333,-0.3447214768191947,0.05385600578277297,0.004488000481897747,0.4473684210526316,0.001417263310072973,0.5348729245122841,0.3481268959350395,0.00916123410355367,0.02901057466125329
2010011701,SD,NYJ,L.Tomlinson,18,11,1.6363636363636365,61,3.388888888888889,5.545454545454546,1,1,1,-5.777485043901494,0.2777777777777778,-0.3209713913278608,0.2227046819749517,0.05555555555555555,0.05555555555555555,0.09090909090909091,0.09090909090909091,-0.525225913081954,-0.14693968885600114,-0.013358153532363741,0.2777777777777778,-0.00816331604755562,0.3093562939988787,-0.21860683806083367,-0.012144824336712982,-0.019873348914621242
2010012400,NYJ,IND,T.Jones,28,9,3.111111111111111,87,3.107142857142857,9.666666666666666,0,0,NaN,-6.099407040318248,0.32142857142857145,-0.2178359657256517,0.30671119157422544,0,0,0,0,-0.6777118933686942,-0.17426134507079763,-0.01936237167453307,0.2857142857142857,-0.006223619466814201,0.33262204215487545,-0.11370012107691244,-0.0040607186098897295,-0.012633346786323604
2010012400,IND,NYJ,J.Addai,24,9,2.6666666666666665,101,4.208333333333333,11.222222222222221,1,0,0,-7.293713793151941,0.3333333333333333,-0.3039047413813309,0.3078048260861685,0,0.041666666666666664,0.1111111111111111,0,-0.810412643683549,-0.08563647461485357,-0.009515163846094842,0.5,-0.0035681864422855655,0.4132598879394908,-0.6893009496938816,-0.02872087290391173,-0.07658899441043128
2010012401,MIN,NO,A.Peterson,36,13,2.769230769230769,158,4.388888888888889,12.153846153846153,4,3,0.75,-4.499358175356977,0.4444444444444444,-0.12498217153769381,0.4326496516668071,0.08333333333333333,0.1111111111111111,0.3076923076923077,0.23076923076923078,-0.3461044750274598,0.13481239892890629,0.010370184532992792,0.4722222222222222,0.0037447888591362857,0.5482937017678101,-1.3418778642888898,-0.037274385119135826,-0.10322137417606844
2010012401,NO,MIN,P.Thomas,22,12,1.8333333333333333,68,3.090909090909091,5.666666666666667,0,1,Inf,-1.788333558002071,0.3181818181818182,-0.08128788900009414,0.440504257821031,0.045454545454545456,0,0,0.08333333333333333,-0.1490277965001726,-0.01968678720574374,-0.001640565600478645,0.36363636363636365,-8.948539638974427e-4,0.486518011634723,0.28030364547080455,0.012741074794127479,0.023358637122567045
2010013100,AFC,NFC,R.Rice,20,8,2.5,101,5.05,12.625,0,2,Inf,2.7776318547497842,0.45,0.1388815927374892,0.599020447953865,0.1,0,0,0.25,0.34720398184372303,0.22149225890000906,0.027686532362501133,0.65,0.011074612945000454,0.7769373661128808,0.3526195350027946,0.017630976750139728,0.04407744187534932
2010013100,NFC,AFC,D.McNabb,11,6,1.8333333333333333,53,4.818181818181818,8.833333333333334,0,1,Inf,-1.4725471299732564,0.2727272727272727,-0.13386792090665967,0.4287974959854379,0.09090909090909091,0,0,0.16666666666666666,-0.2454245216622094,-0.030515915209570837,-0.0050859858682618065,0.2727272727272727,-0.002774174109960985,0.45321995199698345,0.017176796486156772,0.0015615269532869792,0.002862799414359462
2010020700,IND,NO,J.Addai,19,7,2.7142857142857144,99,5.2105263157894735,14.142857142857142,0,1,Inf,1.8734970546787508,0.42105263157894735,0.09860510814098689,0.5666247283431811,0.05263157894736842,0,0,0.14285714285714285,0.2676424363826787,0.09342245287667905,0.013346064696668436,0.42105263157894735,0.00491697120403574,0.6098877037312285,0.265668800017144,0.013982568421954947,0.03795268571673486
2010020700,NO,IND,P.Thomas,17,7,2.4285714285714284,52,3.0588235294117645,7.428571428571429,0,0,NaN,-5.062975620195357,0.35294117647058826,-0.2978220953056092,0.29509964590297955,0,0,0,0,-0.7232822314564796,-0.16002978434344842,-0.022861397763349774,0.35294117647058826,-0.009413516726085201,0.30444566702581477,-0.4571987887579936,-0.026894046397529035,-0.06531411267971336
2011010800,NYJ,IND,S.Greene,38,9,4.222222222222222,169,4.447368421052632,18.77777777777778,0,2,Inf,6.650237597201368,0.5263157894736842,0.17500625255793073,0.6885987365177072,0.05263157894736842,0,0,0.2222222222222222,0.7389152885779298,0.22679721464171726,0.025199690515746363,0.5,0.0059683477537294015,0.6915124273750385,0.45741721448746586,0.012037295118091207,0.05082413494305176
2011010800,IND,NYJ,D.Rhodes,27,9,3,93,3.4444444444444446,10.333333333333334,0,0,NaN,-4.4757303864786575,0.37037037037037035,-0.16576779209180212,0.3806547043904299,0,0,0,0,-0.4973033762754064,-0.10732073849977763,-0.011924526499975293,0.4074074074074074,-0.003974842166658431,0.41946108891653583,-0.16939044362961192,-0.006273720134430071,-0.018821160403290214
2011010801,SEA,NO,M.Lynch,24,11,2.1818181818181817,150,6.25,13.636363636363637,0,1,Inf,1.2069338738726498,0.4166666666666667,0.05028891141136041,0.5369079978678452,0.041666666666666664,0,0,0.09090909090909091,0.10972126126114999,0.13409869672442626,0.012190790611311479,0.5833333333333334,0.005587445696851094,0.673751559643353,1.0317189822264325,0.042988290926101354,0.0937926347478575
2011010801,NO,SEA,J.Jones,23,11,2.090909090909091,85,3.6956521739130435,7.7272727272727275,2,2,1,-5.009666270132475,0.30434782608695654,-0.2178115769622815,0.3909226540049697,0.08695652173913043,0.08695652173913043,0.18181818181818182,0.18181818181818182,-0.45542420637567954,-0.11496432452084736,-0.010451302229167942,0.30434782608695654,-0.004998448892210755,0.41394617478460416,-0.2853226196237707,-0.01240533128799003,-0.025938419965797335
2011010900,BAL,KC,R.Rice,38,10,3.8,144,3.789473684210526,14.4,0,1,Inf,-3.649220348703975,0.2631578947368421,-0.09603211443957829,0.41886820403235564,0.02631578947368421,0,0,0.1,-0.36492203487039754,-0.13222838590840658,-0.013222838590840658,0.39473684210526316,-0.0034796943660106994,0.30458181333519757,0.028241312322220314,7.431924295321135e-4,0.0028241312322220312
2011010900,KC,BAL,J.Charles,18,6,3,110,6.111111111111111,18.333333333333332,1,1,1,-7.859412464876945,0.4444444444444444,-0.4366340258264969,0.32922045142651757,0.05555555555555555,0.05555555555555555,0.16666666666666666,0.16666666666666666,-1.3099020774794907,-0.1844748480001509,-0.03074580800002515,0.3888888888888889,-0.010248602666675051,0.3683191740461417,-0.9084901722892782,-0.05047167623829323,-0.1514150287148797
2011010901,GB,PHI,J.Starks,31,9,3.4444444444444446,139,4.483870967741935,15.444444444444445,2,0,0,-0.38955403051478577,0.3548387096774194,-0.012566259048864057,0.48940739558320984,0,0.06451612903225806,0.2222222222222222,0,-0.043283781168309526,0.07312475839316923,0.00812497315479658,0.41935483870967744,0.002358863173973201,0.5803987197279055,0.23697147087373174,0.007644240995926831,0.026330163430414638
2011010901,PHI,GB,L.McCoy,21,8,2.625,82,3.9047619047619047,10.25,0,1,Inf,0.4435186664711015,0.38095238095238093,0.02111993649862388,0.5142464703448161,0.047619047619047616,0,0,0.125,0.05543983330888769,0.007892846996658376,9.86605874582297e-4,0.3333333333333333,3.758498569837322e-4,0.5077954259247742,0.3381880727801081,0.01610419394190991,0.04227350909751351
2011011500,PIT,BAL,R.Mendenhall,29,11,2.6363636363636362,73,2.5172413793103448,6.636363636363637,1,2,2,-3.4041175547696003,0.3448275862068966,-0.11738336395757243,0.43025030772967154,0.06896551724137931,0.034482758620689655,0.09090909090909091,0.18181818181818182,-0.30946523225178185,-0.0352931386071213,-0.003208467146101936,0.3448275862068966,-0.0012170047795559069,0.47524774997896707,-0.07659380063408892,-0.0026411655391065146,-0.0069630727849171745
2011011500,BAL,PIT,R.Rice,17,9,1.8888888888888888,36,2.1176470588235294,4,1,1,1,-8.632904233488578,0.23529411764705882,-0.5078178960875634,0.2242318173593968,0.058823529411764705,0.058823529411764705,0.1111111111111111,0.1111111111111111,-0.9592115814987309,-0.2641115717627859,-0.0293457301958651,0.23529411764705882,-0.01553597480957564,0.22400931806501678,-0.4733528936167903,-0.027844287859811193,-0.052594765957421144
2011011501,GB,ATL,J.Starks,30,9,3.3333333333333335,97,3.2333333333333334,10.777777777777779,0,2,Inf,-2.5703799430042578,0.3,-0.08567933143347525,0.4184532728765886,0.06666666666666667,0,0,0.2222222222222222,-0.28559777144491755,0.016386569583895727,0.001820729953766192,0.4,5.462189861298576e-4,0.5335865833763211,0.045082593121690114,0.001502753104056337,0.0050091770135211235
2011011501,ATL,GB,M.Turner,14,6,2.3333333333333335,45,3.2142857142857144,7.5,1,1,1,-4.889298069497105,0.2857142857142857,-0.34923557639265035,0.32356516232508237,0.07142857142857142,0.07142857142857142,0.16666666666666666,0.16666666666666666,-0.8148830115828508,0.033446267381754234,0.005574377896959039,0.2857142857142857,0.002389019098696731,0.5615292309162838,0.054374480202311046,0.0038838914430222174,0.00906241336705184
2011011600,NE,NYJ,D.Woodhead,28,9,3.111111111111111,114,4.071428571428571,12.666666666666666,2,0,0,1.8229916164010973,0.5,0.06510684344289633,0.5448821136541235,0,0.07142857142857142,0.2222222222222222,0,0.20255462404456637,0.036493720415984726,0.004054857823998303,0.4642857142857143,0.0013033471577137401,0.5292274419285201,0.015442706076134136,5.515252170047905e-4,0.0017158562306815706
2011011600,NYJ,NE,S.Greene,28,11,2.5454545454545454,121,4.321428571428571,11,1,1,1,-2.152864730603344,0.25,-0.07688802609297658,0.4329110843253663,0.03571428571428571,0.03571428571428571,0.09090909090909091,0.09090909090909091,-0.19571497550939493,-0.11877824133456333,-0.010798021939505758,0.35714285714285715,-0.004242080047662976,0.3044500277890782,-0.06696884848918054,-0.002391744588899305,-0.006088077135380049
2011011601,CHI,SEA,M.Forte,42,11,3.8181818181818183,187,4.4523809523809526,17,0,3,Inf,10.53288035744971,0.5238095238095238,0.2507828656535645,0.6708010456581459,0.07142857142857142,0,0,0.2727272727272727,0.9575345779499735,0.08138320905800733,0.007398473550727939,0.5714285714285714,0.0019376954537620793,0.6417776409136483,0.35448818370124974,0.008440194850029756,0.03222619851829543
2011011601,SEA,CHI,J.Forsett,12,8,1.5,34,2.8333333333333335,4.25,1,0,0,-3.803224825796623,0.25,-0.31693540214971855,0.29920451975748785,0,0.08333333333333333,0.125,0,-0.47540310322457785,-0.05390015708821714,-0.006737519636027142,0.25,-0.004491679757351428,0.36907727310345095,-0.056529026587706796,-0.004710752215642233,-0.0070661283234633495
2011012300,PIT,NYJ,R.Mendenhall,39,8,4.875,173,4.435897435897436,21.625,2,2,1,1.8844570890371821,0.4358974358974359,0.04831941253941493,0.5373624730090145,0.05128205128205128,0.05128205128205128,0.25,0.25,0.23555713612964777,-0.00522692248876605,-6.533653110957563e-4,0.4358974358974359,-1.3402365355810386e-4,0.4965132902895187,0.18708911065231382,0.004797156683392662,0.023386138831539227
2011012300,NYJ,PIT,L.Tomlinson,22,7,3.142857142857143,70,3.1818181818181817,10,1,0,0,-7.598168021467787,0.22727272727272727,-0.34537127370308124,0.2925863751014123,0,0.045454545454545456,0.14285714285714285,0,-1.0854525744953982,-0.3352324726674833,-0.0478903532382119,0.22727272727272727,-0.015237839666703785,0.21835408582242696,-0.37887760207939253,-0.017221709185426932,-0.0541253717256275
2011012301,GB,CHI,J.Starks,30,11,2.727272727272727,127,4.233333333333333,11.545454545454545,0,2,Inf,-2.304239147379868,0.36666666666666664,-0.07680797157932892,0.445459063526114,0.06666666666666667,0,0,0.18181818181818182,-0.20947628612544253,0.012953725670076577,0.001177611424552416,0.36666666666666664,4.317908556692192e-4,0.5166019498112862,0.07924938412426799,0.0026416461374755996,0.007204489465842545
2011012301,CHI,GB,M.Forte,24,11,2.1818181818181817,83,3.4583333333333335,7.545454545454546,0,1,Inf,-2.4856803769608438,0.3333333333333333,-0.10357001570670182,0.41034801324512243,0.041666666666666664,0,0,0.09090909090909091,-0.2259709433600767,-0.16380593700693996,-0.014891448818812724,0.2916666666666667,-0.006825247375289165,0.27847099207361276,-0.08852100307852234,-0.003688375128271764,-0.008047363916229304
2011013000,NFC,AFC,A.Peterson,32,10,3.2,190,5.9375,19,0,3,Inf,4.987529925112486,0.4375,0.15586031015976518,0.6116014693327887,0.09375,0,0,0.3,0.49875299251124855,0.1143021916851174,0.011430219168511741,0.5,0.003571943490159919,0.8065675217273606,0.1970847306252169,0.006158897832038028,0.01970847306252169
2011013000,AFC,NFC,J.Charles,22,8,2.75,132,6,16.5,1,1,1,7.120666409469068,0.5454545454545454,0.3236666549758667,0.7018539884820281,0.045454545454545456,0.045454545454545456,0.125,0.125,0.8900833011836335,0.01408605593592661,0.0017607569919908263,0.5454545454545454,6.40275269814846e-4,0.5738661798574274,0.012076358107411311,5.489253685186959e-4,0.001509544763426414
2011020600,PIT,GB,R.Mendenhall,24,9,2.6666666666666665,128,5.333333333333333,14.222222222222221,1,1,1,0.6943677749483925,0.5416666666666666,0.02893199062284969,0.5134859664551275,0.041666666666666664,0.041666666666666664,0.1111111111111111,0.1111111111111111,0.07715197499426583,-0.01579777696797033,-0.0017553085519967032,0.5416666666666666,-6.582407069987637e-4,0.4899836731661018,-1.1467657195739172,-0.04778190498224655,-0.1274184132859908
2011020600,GB,PIT,J.Starks,11,7,1.5714285714285714,52,4.7272727272727275,7.428571428571429,0,0,NaN,-1.3420713662735977,0.36363636363636365,-0.12200648784305433,0.3881688695322119,0,0,0,0,-0.19172448089622823,-0.025813381824026593,-0.003687625974860942,0.36363636363636365,-0.0023466710749115087,0.4358965169134244,-0.003491397632584816,-3.173997847804378e-4,-4.987710903692595e-4
2012010700,HOU,CIN,A.Foster,35,10,3.5,190,5.428571428571429,19,0,2,Inf,5.490157669746523,0.37142857142857144,0.15686164770704353,0.6086194528478586,0.05714285714285714,0,0,0.2,0.5490157669746523,0.08911145307153334,0.008911145307153335,0.5428571428571428,0.002546041516329524,0.5883987295842678,0.3707973968601831,0.010594211338862375,0.03707973968601831
2012010700,CIN,HOU,C.Benson,19,9,2.111111111111111,76,4,8.444444444444445,1,1,1,-0.5244577405271057,0.42105263157894735,-0.027603038975110825,0.47646623285410233,0.05263157894736842,0.05263157894736842,0.1111111111111111,0.1111111111111111,-0.05827308228078952,-0.057488665930718955,-0.006387629547857662,0.42105263157894735,-0.003025719259511524,0.4189571200913314,-0.04779694659780441,-0.0025156287683054954,-0.00531077184420049
2012010701,NO,DET,C.Ivory,33,10,3.3,170,5.151515151515151,17,0,3,Inf,6.6996379443381535,0.48484848484848486,0.2030193316466107,0.5929128737748696,0.09090909090909091,0,0,0.3,0.6699637944338154,0.38345787002799975,0.038345787002799975,0.5151515151515151,0.011619935455393932,0.6911986278600505,1.0283517004897667,0.03116217274211414,0.10283517004897666
2012010701,DET,NO,K.Smith,10,5,2,32,3.2,6.4,0,1,Inf,1.1321083994356467,0.6,0.11321083994356466,0.5849877839404494,0.1,0,0,0.2,0.22642167988712933,0.050555015145691606,0.01011100302913832,0.6,0.00505550151456916,0.6111645764987941,0.058350525042242765,0.005835052504224276,0.011670105008448553
2012010800,DEN,PIT,W.McGahee,33,10,3.3,132,4,13.2,2,1,0.5,-8.283472014523827,0.24242424242424243,-0.25101430347041903,0.3197147992875249,0.030303030303030304,0.06060606060606061,0.2,0.1,-0.8283472014523827,-0.18058342643637593,-0.018058342643637593,0.2727272727272727,-0.005472225043526543,0.34471907529766294,-0.5493965125163214,-0.016648379167161255,-0.05493965125163214
2012010800,PIT,DEN,I.Redman,23,9,2.5555555555555554,157,6.826086956521739,17.444444444444443,1,2,2,4.0593144765664135,0.5217391304347826,0.1764919337637571,0.6388939630424151,0.08695652173913043,0.043478260869565216,0.1111111111111111,0.2222222222222222,0.45103494184071263,0.11861316300270337,0.013179240333633708,0.4782608695652174,0.005157094043595799,0.6643781816968065,0.28339710257965217,0.01232161315563705,0.03148856695329469
2012010801,NYG,ATL,A.Bradshaw,30,9,3.3333333333333335,173,5.766666666666667,19.22222222222222,0,0,NaN,1.8975795345826467,0.36666666666666664,0.06325265115275489,0.5375913595805137,0,0,0,0,0.21084217050918297,0.11378920664619696,0.012643245182910774,0.4,0.003792973554873232,0.6026032410154177,0.452423312379746,0.015080777079324866,0.05026925693108289
2012010801,ATL,NYG,M.Turner,21,8,2.625,64,3.0476190476190474,8,0,0,NaN,-10.62601917452521,0.2857142857142857,-0.5060009130726291,0.24618683204976022,0,0,0,0,-1.3282523968156512,-0.21477403001854042,-0.026846753752317553,0.3333333333333333,-0.01022733476278764,0.29136795363226886,-0.4613296631679441,-0.021968079198473527,-0.05766620789599301
2012011400,DEN,NE,W.McGahee,39,12,3.25,145,3.717948717948718,12.083333333333334,0,1,Inf,-1.8746490250028078,0.4358974358974359,-0.04806792371802071,0.46428688464290735,0.02564102564102564,0,0,0.08333333333333333,-0.1562207520835673,0.09662698326246608,0.008052248605205507,0.358974358974359,0.002477614955447848,0.6543633081074558,0.28352437500953326,0.007269855769475211,0.023627031250794437
2012011400,NE,DEN,B.Green-Ellis,30,11,2.727272727272727,146,4.866666666666666,13.272727272727273,0,0,NaN,-1.4672894776345209,0.4,-0.04890964925448403,0.45324349400768876,0,0,0,0,-0.13338995251222918,0.07813741350169934,0.007103401227427212,0.4666666666666667,0.0026045804500566447,0.7301377853943394,0.21142302283470596,0.007047434094490199,0.019220274803155087
2012011401,SF,NO,F.Gore,22,13,1.6923076923076923,143,6.5,11,0,1,Inf,4.289181407866523,0.4090909090909091,0.19496279126666013,0.6258465767292181,0.045454545454545456,0,0,0.07692307692307693,0.32993703137434793,0.25411300024808353,0.019547153865237196,0.4090909090909091,0.011550590920367433,0.6730313913117232,1.3994607501507497,0.06361185227957954,0.10765082693467305
2012011401,NO,SF,C.Ivory,14,8,1.75,37,2.642857142857143,4.625,0,0,NaN,-3.5372076296533113,0.21428571428571427,-0.25265768783237935,0.14916687677881782,0,0,0,0,-0.4421509537066639,-0.11259861029760551,-0.014074826287200689,0.2857142857142857,-0.008042757878400393,0.13824897331772343,-0.07774649268038945,-0.005553320905742104,-0.009718311585048682
2012011500,BAL,HOU,R.Rice,30,14,2.142857142857143,89,2.966666666666667,6.357142857142857,1,0,0,-8.10510759525749,0.3333333333333333,-0.2701702531752497,0.18403192794498463,0,0.03333333333333333,0.07142857142857142,0,-0.5789362568041064,-0.14223359875045843,-0.010159542767889888,0.4,-0.004741119958348614,0.30194553019087084,-0.25200018455665457,-0.008400006151888486,-0.018000013182618183
2012011500,HOU,BAL,A.Foster,27,10,2.7,132,4.888888888888889,13.2,1,1,1,0.22701870182213812,0.37037037037037035,0.008408100067486598,0.506859044654888,0.037037037037037035,0.037037037037037035,0.1,0.1,0.022701870182213812,-0.041339208785212744,-0.004133920878521274,0.4074074074074074,-0.0015310818068597313,0.4615989121030381,0.10628958941332463,0.003936651459752764,0.010628958941332462
2012011501,NYG,GB,A.Bradshaw,24,10,2.4,97,4.041666666666667,9.7,0,1,Inf,-5.105964372738252,0.25,-0.2127485155307605,0.3569693853829248,0.041666666666666664,0,0,0.1,-0.5105964372738252,-0.17791878184691923,-0.017791878184691922,0.4166666666666667,-0.0074132825769549675,0.2672610824701732,-0.2072347436786484,-0.008634780986610349,-0.020723474367864838
2012011501,GB,NYG,R.Grant,23,8,2.875,147,6.391304347826087,18.375,1,0,0,3.3307814189108957,0.391304347826087,0.1448165834309085,0.5705374929360351,0,0.043478260869565216,0.125,0,0.41634767736386197,0.06731472772329575,0.008414340965411968,0.391304347826087,0.0029267272923172065,0.5481137000611356,-0.002430236210986302,-1.0566244395592617e-4,-3.0377952637328774e-4
2012012200,BAL,NE,R.Rice,31,10,3.1,116,3.7419354838709675,11.6,0,0,NaN,-3.322562070403596,0.3870967741935484,-0.10717942162592245,0.38852857289705833,0,0,0,0,-0.3322562070403596,-0.11460374424044228,-0.01146037442404423,0.3870967741935484,-0.003696894975498138,0.4015375035915981,-0.13776812332951782,-0.004444133010629607,-0.013776812332951782
2012012200,NE,BAL,B.Green-Ellis,28,7,4,100,3.5714285714285716,14.285714285714286,0,3,Inf,4.214741620016649,0.39285714285714285,0.15052648642916602,0.6019514487578724,0.10714285714285714,0,0,0.42857142857142855,0.6021059457166641,0.1953678478223111,0.027909692546044442,0.42857142857142855,0.0069774231365111105,0.6302880847098428,0.5056138938982979,0.018057639067796356,0.07223055627118542
2012012201,SF,NYG,F.Gore,28,11,2.5454545454545454,150,5.357142857142857,13.636363636363637,1,0,0,0.3235183639363445,0.42857142857142855,0.011554227283440873,0.5085034690522819,0,0.03571428571428571,0.09090909090909091,0,0.029410760357849498,-0.03885987785590389,-0.0035327161687185357,0.42857142857142855,-0.001387852780567996,0.47366893710770774,0.021329283088011724,7.61760110286133e-4,0.001939025735273793
2012012201,NYG,SF,A.Bradshaw,25,13,1.9230769230769231,87,3.48,6.6923076923076925,0,0,NaN,-10.836792831164791,0.32,-0.43347171324659167,0.2153685908179796,0,0,0,0,-0.8335994485511378,-1.0345567634760382,-0.07958128949815678,0.36,-0.041382270539041525,0.14679526142650443,-5.076824338961044,-0.20307297355844178,-0.39052494915084957
2012012900,AFC,NFC,R.Mathews,22,9,2.4444444444444446,128,5.818181818181818,14.222222222222221,0,1,Inf,4.360810129661705,0.5,0.19821864225735022,0.6823113953941806,0.045454545454545456,0,0,0.1111111111111111,0.4845344588513006,0.19058663166853623,0.021176292407615135,0.6818181818181818,0.008663028712206193,0.770449806011502,0.28165016415680244,0.012802280188945565,0.03129446268408916
2012012900,NFC,AFC,M.Lynch,16,9,1.7777777777777777,72,4.5,8,2,0,0,-3.069925117965986,0.5625,-0.19187031987287412,0.40567250148698863,0,0.125,0.2222222222222222,0,-0.34110279088510953,-0.13804692293803503,-0.015338546993115003,0.375,-0.00862793268362719,0.3201330592559563,-0.441791383482405,-0.02761196146765031,-0.049087931498044995
2012020500,NYG,NE,A.Bradshaw,28,8,3.5,117,4.178571428571429,14.625,1,1,1,-0.032667352888520074,0.39285714285714285,-0.0011666911745900027,0.49898568749244504,0.03571428571428571,0.03571428571428571,0.125,0.125,-0.004083419111065009,0.08021253829601765,0.010026567287002207,0.4642857142857143,0.002864733510572059,0.5647889819440486,0.49485381064350265,0.017673350380125095,0.06185672633043783
2012020500,NE,NYG,B.Green-Ellis,19,7,2.7142857142857144,83,4.368421052631579,11.857142857142858,0,0,NaN,0.025559258940452634,0.42105263157894735,0.001345224154760665,0.5013921814201323,0,0,0,0,0.0036513227057789477,0.03964435279484757,0.00566347897069251,0.42105263157894735,0.002086544883939346,0.5605608230243079,0.06798403852849352,0.003578107290973343,0.009712005504070503
2013010500,HOU,CIN,A.Foster,37,11,3.3636363636363638,160,4.324324324324325,14.545454545454545,0,1,Inf,-2.386222377019288,0.35135135135135137,-0.06449249667619697,0.4397181200113328,0.02702702702702703,0,0,0.09090909090909091,-0.21692930700175345,0.05600595792760149,0.005091450720691045,0.43243243243243246,0.001513674538583824,0.5514470498410268,0.1300966227262856,0.0035161249385482598,0.011826965702389601
2013010500,CIN,HOU,B.Green-Ellis,15,8,1.875,81,5.4,10.125,0,0,NaN,2.182357978232655,0.4,0.145490531882177,0.5896677775842536,0,0,0,0,0.2727947472790819,0.014329889682895308,0.0017912362103619135,0.4,9.553259788596872e-4,0.5169837263999169,0.2477293599782141,0.016515290665214274,0.030966169997276763
2013010501,GB,MIN,D.Harris,31,11,2.8181818181818183,75,2.4193548387096775,6.818181818181818,0,2,Inf,-5.8212698133394465,0.25806451612903225,-0.18778289720449828,0.3433468813827536,0.06451612903225806,0,0,0.18181818181818182,-0.5292063466672224,-0.04114173243838615,-0.0037401574943987407,0.3548387096774194,-0.0013271526593027789,0.44014062560843664,-0.020870798797091163,-6.73251574099715e-4,-0.0018973453451901058
2013010501,MIN,GB,A.Peterson,29,10,2.9,167,5.758620689655173,16.7,0,0,NaN,5.268757749024412,0.4827586206896552,0.18168130169049698,0.6299177062931658,0,0,0,0,0.5268757749024412,0.10843696007836318,0.010843696007836318,0.4827586206896552,0.0037392055199435576,0.6414739223759712,0.254552699398174,0.008777679289592206,0.0254552699398174
2013010600,IND,BAL,V.Ballard,30,8,3.75,152,5.066666666666666,19,0,0,NaN,1.6236799401992756,0.4,0.05412266467330919,0.5441525261716211,0,0,0,0,0.20295999252490945,-0.010654229420842362,-0.0013317786776052953,0.4,-3.551409806947454e-4,0.4900945124329829,0.17470942391443087,0.005823647463814362,0.02183867798930386
2013010600,BAL,IND,R.Rice,29,11,2.6363636363636362,175,6.0344827586206895,15.909090909090908,2,1,0.5,-5.884288298798596,0.2413793103448276,-0.20290649306202055,0.3591143103876367,0.034482758620689655,0.06896551724137931,0.18181818181818182,0.09090909090909091,-0.5349352998907815,-0.018592600243814705,-0.0016902363858013367,0.4827586206896552,-6.411241463384381e-4,0.4817950607393437,-0.37102486551888825,-0.012793960879961664,-0.03372953322898984
2013010601,SEA,WAS,M.Lynch,37,9,4.111111111111111,224,6.054054054054054,24.88888888888889,2,1,0.5,4.70105507941452,0.40540540540540543,0.1270555426868789,0.5810610180144058,0.02702702702702703,0.05405405405405406,0.2222222222222222,0.1111111111111111,0.5223394532682799,0.34559664125068557,0.03839962680563173,0.5405405405405406,0.009340449763532042,0.7000259995783136,0.5230604955395082,0.014136770149716437,0.05811783283772313
2013010601,WAS,SEA,A.Morris,23,8,2.875,106,4.608695652173913,13.25,2,0,0,-2.8938819444152246,0.43478260869565216,-0.12582095410500976,0.418181227337959,0,0.08695652173913043,0.25,0,-0.3617352430519031,-0.016851036867208555,-0.0021063796084010693,0.4782608695652174,-7.326537768351546e-4,0.4821611372756886,-0.2555261348131178,-0.011109831948396426,-0.031940766851639726
2013011200,DEN,BAL,R.Hillman,40,13,3.076923076923077,126,3.15,9.692307692307692,0,0,NaN,-3.1363150431203914,0.375,-0.07840787607800978,0.42546605265311965,0,0,0,0,-0.24125500331695318,-0.15891784615104365,-0.012224449703926435,0.45,-0.0039729461537760915,0.41782325994722574,-0.28710929883117575,-0.007177732470779394,-0.02208533067932121
2013011200,BAL,DEN,R.Rice,39,14,2.7857142857142856,155,3.9743589743589745,11.071428571428571,1,1,1,-9.096326321606442,0.2564102564102564,-0.23323913645144723,0.3467422025333016,0.02564102564102564,0.02564102564102564,0.07142857142857142,0.07142857142857142,-0.6497375944004602,-0.38518136713131984,-0.027512954795094274,0.23076923076923078,-0.009876445311059483,0.3538525168747049,-0.4785095075353798,-0.012269474552189226,-0.03417925053824141
2013011201,SF,GB,F.Gore,41,11,3.727272727272727,322,7.853658536585366,29.272727272727273,1,4,4,15.72675979154351,0.5121951219512195,0.3835795071108173,0.7308370629181976,0.0975609756097561,0.024390243902439025,0.09090909090909091,0.36363636363636365,1.4297054355948644,0.37049653887665007,0.03368150353424092,0.5853658536585366,0.009036500948210978,0.7066248463141453,1.3517508347820788,0.03296953255566046,0.12288643952564353
2013011201,GB,SF,D.Harris,16,7,2.2857142857142856,104,6.5,14.857142857142858,1,1,1,7.3577008601579195,0.4375,0.45985630375986997,0.787308361164912,0.0625,0.0625,0.14285714285714285,0.14285714285714285,1.0511001228797028,0.2442684640611576,0.03489549486587966,0.4375,0.01526677900382235,0.8208182319148015,0.6377330758328388,0.039858317239552424,0.09110472511897696
2013011300,HOU,NE,A.Foster,23,11,2.090909090909091,91,3.9565217391304346,8.272727272727273,0,1,Inf,2.83719347012144,0.391304347826087,0.12335623783136695,0.578841805395497,0.043478260869565216,0,0,0.09090909090909091,0.2579266791019491,0.015195289748283776,0.001381389977116707,0.391304347826087,6.60664771664512e-4,0.5224930332283038,0.1708970905647187,0.007430308285422552,0.015536099142247154
2013011300,NE,HOU,S.Ridley,23,9,2.5555555555555554,123,5.3478260869565215,13.666666666666666,0,2,Inf,1.5844179531536478,0.5217391304347826,0.06888773709363685,0.5434422436698111,0.08695652173913043,0,0,0.2222222222222222,0.1760464392392942,0.11712564028413097,0.013013960031570107,0.5652173913043478,0.005092419142788303,0.6484010075185491,0.20114873567012595,0.008745597203048955,0.022349859518902882
2013011301,SEA,ATL,M.Lynch,28,10,2.8,123,4.392857142857143,12.3,1,2,2,-1.696734500711568,0.42857142857142855,-0.060597660739698855,0.46527993191940115,0.07142857142857142,0.03571428571428571,0.1,0.2,-0.1696734500711568,0.07997210196585908,0.007997210196585908,0.42857142857142855,0.002856146498780681,0.5406387058748586,-0.1816605245104947,-0.0064878758753748106,-0.01816605245104947
2013011301,ATL,SEA,M.Turner,26,8,3.25,167,6.423076923076923,20.875,0,0,NaN,6.19523682934711,0.34615384615384615,0.23827833959027345,0.6627948397559935,0,0,0,0,0.7744046036683887,0.20849556980884715,0.026061946226105893,0.46153846153846156,0.008019060377263352,0.7522604348029643,0.5707881725766915,0.02195339125294967,0.07134852157208643
2013012000,BAL,NE,R.Rice,31,10,3.1,123,3.967741935483871,12.3,0,1,Inf,2.49957681044909,0.45161290322580644,0.08063151001448678,0.5798561203683064,0.03225806451612903,0,0,0.1,0.24995768104490898,0.14256378796587904,0.014256378796587903,0.4838709677419355,0.004598831869867066,0.6645473073941237,0.23083888942731853,0.0074464157879780175,0.023083888942731855
2013012000,NE,BAL,S.Ridley,28,8,3.5,103,3.6785714285714284,12.875,1,0,0,-5.014905309554074,0.4642857142857143,-0.17910376105550263,0.3784419146877238,0,0.03571428571428571,0.125,0,-0.6268631636942592,-0.11868910992125106,-0.014836138740156383,0.4642857142857143,-0.004238896782901824,0.4055402410661078,-0.5835524441701108,-0.0208411587203611,-0.07294405552126385
2013012001,SF,ATL,F.Gore,26,9,2.888888888888889,139,5.346153846153846,15.444444444444445,0,3,Inf,9.51725054629459,0.5384615384615384,0.36604809793440735,0.7693963210115635,0.11538461538461539,0,0,0.3333333333333333,1.0574722829216212,0.24544568160067196,0.027271742400074662,0.5384615384615384,0.009440218523102768,0.7566522544972939,0.48982458173347976,0.018839406989749223,0.0544249535259422
2013012001,ATL,SF,M.Turner,19,7,2.7142857142857144,66,3.473684210526316,9.428571428571429,1,0,0,-6.7665135571347985,0.3157894736842105,-0.3561322924807789,0.26803249131820744,0,0.05263157894736842,0.14285714285714285,0,-0.9666447938763998,-0.18752938170309902,-0.026789911671871287,0.3157894736842105,-0.009869967458057844,0.2819851849351751,-0.9863691390784273,-0.051914165214654064,-0.1409098770112039
2013012700,NFC,AFC,A.Peterson,24,12,2,89,3.7083333333333335,7.416666666666667,1,2,2,-7.066687882088135,0.2916666666666667,-0.29444532842033894,0.30231792634842036,0.08333333333333333,0.041666666666666664,0.08333333333333333,0.16666666666666666,-0.5888906568406779,-0.13590072074314496,-0.011325060061928746,0.375,-0.005662530030964373,0.27840525422562024,-0.6618156970750895,-0.027575654044795395,-0.05515130808959079
2013012700,AFC,NFC,A.Foster,11,5,2.2,15,1.3636363636363635,3,1,0,0,-6.994595374667394,0.36363636363636365,-0.6358723067879449,0.20744029771736422,0,0.09090909090909091,0.2,0,-1.3989190749334788,-0.10224321859331857,-0.020448643718663714,0.36363636363636365,-0.009294838053938052,0.1949541050763216,-0.11628866448092469,-0.010571696770993153,-0.02325773289618494
2013020300,BAL,SF,R.Rice,35,10,3.5,93,2.657142857142857,9.3,0,0,NaN,-8.6840929354411,0.2857142857142857,-0.24811694101260287,0.2215491632216512,0,0,0,0,-0.86840929354411,-0.12806953149666134,-0.012806953149666133,0.4,-0.003659129471333181,0.3839139251550775,-0.337413434672443,-0.009640383847784087,-0.0337413434672443
2013020300,SF,BAL,F.Gore,29,11,2.6363636363636362,182,6.275862068965517,16.545454545454547,1,2,2,2.049417117506403,0.4827586206896552,0.07066955577608286,0.5411453495302062,0.06896551724137931,0.034482758620689655,0.09090909090909091,0.18181818181818182,0.18631064704603661,0.2064803902422324,0.018770944567475672,0.5172413793103449,0.007120013456628703,0.630935870626067,0.15384245448780373,0.00530491222371737,0.01398567768070943
2014010400,KC,IND,K.Davis,32,12,2.6666666666666665,150,4.6875,12.5,0,1,Inf,5.889513294007166,0.5,0.18404729043772394,0.6447519706957339,0.03125,0,0,0.08333333333333333,0.49079277450059716,0.12547380732620383,0.010456150610516987,0.5,0.00392105647894387,0.6441702040758298,0.022418753302539028,7.005860407043446e-4,0.0018682294418782524
2014010400,IND,KC,D.Brown,16,8,2,102,6.375,12.75,2,2,1,-3.757554444925055,0.5,-0.23484715280781593,0.401993890497545,0.125,0.125,0.25,0.25,-0.46969430561563186,-0.18747554513599496,-0.02343444314199937,0.5,-0.011717221570999685,0.2642639879895898,-1.0616924374789063,-0.06635577734243164,-0.1327115546848633
2014010401,NO,PHI,M.Ingram,36,11,3.272727272727273,185,5.138888888888889,16.818181818181817,0,1,Inf,6.553801437515766,0.5555555555555556,0.1820500399309935,0.694101353331608,0.027777777777777776,0,0,0.09090909090909091,0.5958001306832514,0.5567381259618444,0.05061255690562221,0.6666666666666666,0.015464947943384565,0.8383322863823206,0.27093574972058443,0.007525993047794012,0.024630522701871313
2014010401,PHI,NO,L.McCoy,22,9,2.4444444444444446,80,3.6363636363636362,8.88888888888889,0,1,Inf,-0.007454148145445094,0.45454545454545453,-3.388249157020497e-4,0.4997725676008383,0.045454545454545456,0,0,0.1111111111111111,-8.282386828272327e-4,0.0016927636103890864,1.8808484559878737e-4,0.4090909090909091,7.69438004722312e-5,0.5016487923705049,0.2583906073185109,0.011745027605386859,0.028710067479834542
2014010500,SD,CIN,D.Woodhead,40,11,3.6363636363636362,198,4.95,18,0,2,Inf,1.4164968284636812,0.4,0.03541242071159203,0.5286987541521333,0.05,0,0,0.18181818181818182,0.12877243895124374,-0.009569555513844863,-8.699595921677148e-4,0.45,-2.3923888784612156e-4,0.4910924866149043,0.08626719478198809,0.002156679869549702,0.007842472252908008
2014010500,CIN,SD,G.Bernard,25,9,2.7777777777777777,112,4.48,12.444444444444445,2,0,0,-1.2554591006362403,0.44,-0.050218364025449616,0.4600912981802412,0,0.08,0.2222222222222222,0,-0.13949545562624893,0.00561530417859131,6.239226865101456e-4,0.48,2.246121671436524e-4,0.5059706033587662,-0.05217979133911461,-0.0020871916535645844,-0.005797754593234956
2014010501,GB,SF,E.Lacy,31,9,3.4444444444444446,124,4,13.777777777777779,1,1,1,-1.5553894205763692,0.4838709677419355,-0.05017385227665707,0.45541031739600046,0.03225806451612903,0.03225806451612903,0.1111111111111111,0.1111111111111111,-0.1728210467307077,-0.03005447839611411,-0.0033393864884571235,0.4838709677419355,-9.694993031004552e-4,0.47509712401858667,-0.12568607450016248,-0.0040543895000052415,-0.013965119388906941
2014010501,SF,GB,F.Gore,30,8,3.75,167,5.566666666666666,20.875,0,1,Inf,4.56883362280111,0.43333333333333335,0.15229445409337034,0.6031033824444831,0.03333333333333333,0,0,0.125,0.5711042028501387,0.33118617826525953,0.04139827228315744,0.5,0.011039539275508652,0.6677086797567016,0.7455394229854063,0.024851314099513543,0.09319242787317579
2014011100,SEA,NO,M.Lynch,35,11,3.1818181818181817,174,4.9714285714285715,15.818181818181818,0,2,Inf,2.0827247011850503,0.3142857142857143,0.05950642003385858,0.5418660715381498,0.05714285714285714,0,0,0.18181818181818182,0.18933860919864093,0.03608747051209249,0.0032806791374629537,0.34285714285714286,0.0010310705860597854,0.5415357288408352,0.21685641921952745,0.006195897691986498,0.01971421992904795
2014011100,NO,SEA,K.Robinson,27,10,2.7,108,4,10.8,1,1,1,-0.40720582899249913,0.48148148148148145,-0.01508169737009256,0.4908622409249453,0.037037037037037035,0.037037037037037035,0.1,0.1,-0.040720582899249916,0.023652343667189685,0.0023652343667189685,0.48148148148148145,8.760127284144327e-4,0.5244310369514857,-0.3236229871002581,-0.011986036559268819,-0.032362298710025814
2014011101,NE,IND,L.Blount,46,13,3.5384615384615383,235,5.108695652173913,18.076923076923077,1,6,6,9.57149697579436,0.4782608695652174,0.20807602121292088,0.6249305401793094,0.13043478260869565,0.021739130434782608,0.07692307692307693,0.46153846153846156,0.7362689981380277,0.14029857825275838,0.01079219832713526,0.5,0.003049969092451269,0.5889220881654069,0.7718470757498503,0.01677928425543153,0.059372851980757715
2014011101,IND,NE,D.Brown,21,12,1.75,69,3.2857142857142856,5.75,0,0,NaN,-3.3208612473379695,0.23809523809523808,-0.15813624987323666,0.33409032560777147,0,0,0,0,-0.2767384372781641,-0.11010429213130393,-0.00917535767760866,0.23809523809523808,-0.005243061530062092,0.2862761325989584,-0.03066661464359014,-0.001460314983028102,-0.0025555512202991783
2014011200,SF,CAR,F.Gore,34,7,4.857142857142857,126,3.7058823529411766,18,1,1,1,0.9509839116268007,0.4411764705882353,0.02797011504784708,0.5226880383384003,0.029411764705882353,0.029411764705882353,0.14285714285714285,0.14285714285714285,0.1358548445181144,0.06675134891768464,0.009535906988240663,0.5588235294117647,0.0019632749681671954,0.5843409707518723,0.16199129101640766,0.004764449735776696,0.023141613002343953
2014011200,CAR,SF,C.Newton,24,6,4,93,3.875,15.5,0,0,NaN,-1.0500760128466065,0.5833333333333334,-0.04375316720194194,0.46960242193255775,0,0,0,0,-0.17501266880776775,-0.035064323857073657,-0.0058440539761789425,0.5,-0.0014610134940447356,0.462784421086585,-0.20784356324292763,-0.008660148468455317,-0.03464059387382127
2014011201,DEN,SD,K.Moreno,33,8,4.125,134,4.0606060606060606,16.75,0,1,Inf,-0.7547606346458803,0.48484848484848486,-0.02287153438320849,0.4801992659391226,0.030303030303030304,0,0,0.125,-0.09434507933073503,0.11647200667889424,0.01455900083486178,0.5757575757575758,0.00352945474784528,0.6838076803573301,0.06295650290511404,0.001907772815306486,0.007869562863139255
2014011201,SD,DEN,D.Woodhead,17,7,2.4285714285714284,66,3.8823529411764706,9.428571428571429,0,0,NaN,0.5972275893978803,0.23529411764705882,0.03513103467046355,0.5281498934266339,0,0,0,0,0.08531822705684004,0.047757072004062553,0.0068224388577232216,0.29411764705882354,0.0028092395296507385,0.5805208952816083,0.486992591612505,0.028646623036029707,0.06957037023035786
2014011900,DEN,NE,K.Moreno,27,8,3.375,108,4,13.5,0,0,NaN,-1.7519119312739488,0.4074074074074074,-0.06488562708422033,0.4560927797127769,0,0,0,0,-0.2189889914092436,0.0910768153514675,0.011384601918933437,0.5555555555555556,0.003373215383387685,0.5989377624298822,0.2870942495503255,0.01063312035371576,0.035886781193790684
2014011900,NE,DEN,L.Blount,17,7,2.4285714285714284,64,3.764705882352941,9.142857142857142,0,1,Inf,1.2922817403127094,0.4117647058823529,0.07601657295957114,0.5578002532851497,0.058823529411764705,0,0,0.14285714285714285,0.1846116771875299,-0.07380826583503247,-0.01054403797643321,0.35294117647058826,-0.004341662696178381,0.300951470233398,0.02590073534275066,0.001523572667220627,0.00370010504896438
2014011901,SF,SEA,F.Gore,27,10,2.7,163,6.037037037037037,16.3,0,2,Inf,2.5652609816159444,0.37037037037037035,0.09500966598577572,0.5459732310122047,0.07407407407407407,0,0,0.2,0.25652609816159444,0.029616389317800085,0.0029616389317800086,0.37037037037037035,0.0010969033080666698,0.5144988060173703,0.6432624609062588,0.023824535589120698,0.06432624609062589
2014011901,SEA,SF,M.Lynch,26,9,2.888888888888889,118,4.538461538461538,13.11111111111111,1,1,1,-4.941871865478861,0.34615384615384615,-0.19007199482611004,0.35433543211621177,0.038461538461538464,0.038461538461538464,0.1111111111111111,0.1111111111111111,-0.5490968739420956,-0.13525583684908912,-0.015028426316565459,0.38461538461538464,-0.005202147571118813,0.37440095616091973,-0.19986090281895721,-0.007686957800729124,-0.022206766979884135
2014012600,RIC,SAN,M.Forte,21,11,1.9090909090909092,114,5.428571428571429,10.363636363636363,2,0,0,1.8982676305611916,0.6190476190476191,0.09039369669339008,0.5533472831352201,0,0.09523809523809523,0.18181818181818182,0,0.17256978459647196,0.08216555538368789,0.0074695959439716264,0.5714285714285714,0.003912645494461328,0.5697750936257022,-0.4615591922161827,-0.021979009153151558,-0.04195992656510752
2014012600,SAN,RIC,E.Lacy,17,10,1.7,62,3.6470588235294117,6.2,2,1,0.5,1.9238924445794399,0.4117647058823529,0.11317014379879058,0.556249198987972,0.058823529411764705,0.11764705882352941,0.2,0.1,0.19238924445794398,0.07070378194701382,0.007070378194701382,0.47058823529411764,0.004159045996883166,0.5625240214735583,0.315612631513564,0.01856544891256259,0.0315612631513564
2014020200,SEA,DEN,M.Lynch,28,8,3.5,130,4.642857142857143,16.25,0,1,Inf,-3.8154118818598812,0.32142857142857145,-0.13626471006642432,0.40094351012079166,0.03571428571428571,0,0,0.125,-0.47692648523248515,-0.029913498397167282,-0.0037391872996459102,0.39285714285714285,-0.00106833922847026,0.44292818185396143,0.10982794553109362,0.003922426626110487,0.013728493191386703
2014020200,DEN,SEA,M.Ball,14,8,1.75,31,2.2142857142857144,3.875,2,0,0,-6.339324146553364,0.21428571428571427,-0.45280886761095457,0.10953604669808344,0,0.14285714285714285,0.25,0,-0.7924155183191705,-0.06298454174594856,-0.00787306771824357,0.21428571428571427,-0.004498895838996326,0.15379909713101614,-0.08068307931077769,-0.005763077093626978,-0.01008538491384721
2015010300,CAR,ARI,J.Stewart,42,12,3.5,200,4.761904761904762,16.666666666666668,1,1,1,-0.5855656957389419,0.38095238095238093,-0.013942040374736711,0.4914851008322124,0.023809523809523808,0.023809523809523808,0.08333333333333333,0.08333333333333333,-0.048797141311578494,0.099643018782032855,0.008303584898502738,0.4523809523809524,0.0023724528281436393,0.5600140962685963,0.5521751767584024,0.013147028018057201,0.046014598063200206
2015010300,ARI,CAR,K.Williams,15,8,1.875,26,1.7333333333333334,3.25,1,1,1,-17.77765348055022,0.2,-1.185176898703348,0.13972819235130748,0.06666666666666667,0.06666666666666667,0.125,0.125,-2.2222066850687776,-0.10386148938379731,-0.012982686172974664,0.26666666666666666,-0.006924099292253154,0.36381380308078465,-0.35675802963831527,-0.02378386864255435,-0.04459475370478941
2015010301,BAL,PIT,J.Forsett,21,8,2.625,52,2.4761904761904763,6.5,1,1,1,-5.801542138101894,0.38095238095238093,-0.2762639113381854,0.37325864567570194,0.047619047619047616,0.047619047619047616,0.125,0.125,-0.7251927672627367,-0.0765562199009312,-0.0095695274876164,0.47619047619047616,-0.003645534280996724,0.430672227582802,-0.5688467068966097,-0.027087938423648077,-0.0711058383620762
2015010301,PIT,BAL,J.Harris,19,7,2.7142857142857144,68,3.5789473684210527,9.714285714285714,1,0,0,-0.528724667451226,0.42105263157894735,-0.02782761407638032,0.4812724606351363,0,0.05263157894736842,0.14285714285714285,0,-0.07553209535017515,-0.032134684703616204,-0.004590669243373743,0.47368421052631576,-0.0016912991949271686,0.4591543754665437,0.04737824967108802,0.0024935920879520014,0.006768321381584003
2015010400,IND,CIN,D.Herron,25,9,2.7777777777777777,114,4.56,12.666666666666666,1,1,1,-0.5168210602243385,0.4,-0.02067284240897354,0.4842246744018288,0.04,0.04,0.1111111111111111,0.1111111111111111,-0.057424562247148724,0.11593679880403424,0.012881866533781582,0.52,0.0046374719521613695,0.6875438529008812,0.2600489401952368,0.010401957607809471,0.02889432668835964
2015010400,CIN,IND,J.Hill,21,11,1.9090909090909092,110,5.238095238095238,10,0,1,Inf,2.178741627879982,0.42857142857142855,0.10374960132761818,0.569062946116337,0.047619047619047616,0,0,0.09090909090909091,0.198067420716362,0.009523903946875353,8.658094497159412e-4,0.42857142857142855,4.53519235565493e-4,0.5116502696367303,0.15396037478553007,0.0073314464183585745,0.01399639770777546
2015010401,DET,DAL,J.Bell,22,7,3.142857142857143,90,4.090909090909091,12.857142857142858,0,1,Inf,1.3578224950102284,0.2727272727272727,0.06171920431864675,0.5457411844385593,0.045454545454545456,0,0,0.14285714285714285,0.19397464214431834,0.036930102570300494,0.005275728938614356,0.3181818181818182,0.0016786410259227497,0.5477273323866724,0.30855256830829625,0.014025116741286193,0.04407893832975661
2015010401,DAL,DET,D.Murray,19,8,2.375,75,3.9473684210526314,9.375,0,1,Inf,0.23488709624552007,0.2631578947368421,0.012362478749764214,0.5087226311589987,0.05263157894736842,0,0,0.125,0.02936088703069001,-0.021378360076076103,-0.002672295009509513,0.3157894736842105,-0.0011251768461092687,0.46990049697209774,0.20921192743869632,0.011011154075720859,0.02615149092983704
2015011000,BAL,NE,J.Forsett,28,10,2.8,136,4.857142857142857,13.6,0,0,NaN,0.12451130474698002,0.4642857142857143,0.004446832312392144,0.5034521242230144,0,0,0,0,0.012451130474698003,-0.03252289531436814,-0.003252289531436814,0.4642857142857143,-0.0011615319755131478,0.47439404405797103,-0.0059138335436493454,-2.1120834084461948e-4,-5.913833543649345e-4
2015011000,NE,BAL,B.Bolden,9,5,1.8,20,2.2222222222222223,4,0,1,Inf,-0.32666195184423397,0.3333333333333333,-0.03629577242713711,0.4733553528918083,0.1111111111111111,0,0,0.2,-0.06533239036884679,-0.010459793937885417,-0.0020919587875770835,0.3333333333333333,-0.001162199326431713,0.4711912655212028,0.0845838016583253,0.009398200184258366,0.01691676033166506
2015011001,CAR,SEA,J.Stewart,30,10,3,132,4.4,13.2,2,0,0,-4.82916375791165,0.43333333333333335,-0.16097212526372168,0.3853241048730041,0,0.06666666666666667,0.2,0,-0.48291637579116503,-0.12888579877430342,-0.012888579877430343,0.43333333333333335,-0.004296193292476781,0.3932370365926044,-0.6269391645835093,-0.020897972152783644,-0.06269391645835093
2015011001,SEA,CAR,M.Lynch,25,9,2.7777777777777777,103,4.12,11.444444444444445,2,0,0,-3.639796019049955,0.28,-0.1455918407619982,0.3798091830469352,0,0.08,0.2222222222222222,0,-0.40442177989443945,-0.07570973156808447,-0.00841219239645383,0.32,-0.003028389262723379,0.4100881040214589,-0.04173822851384098,-0.0016695291405536391,-0.004637580945982331
2015011100,DAL,GB,D.Murray,28,8,3.5,145,5.178571428571429,18.125,1,1,1,-1.296892146624833,0.5714285714285714,-0.04631757666517261,0.4667796987042981,0.03571428571428571,0.03571428571428571,0.125,0.125,-0.16211151832810414,-0.01289800281380088,-0.00161225035172511,0.5714285714285714,-4.606429576357457e-4,0.4904449862051131,-0.7533041876397815,-0.026903720987135053,-0.09416302345497268
2015011100,GB,DAL,E.Lacy,27,7,3.857142857142857,121,4.481481481481482,17.285714285714285,1,0,0,-4.940450528568655,0.37037037037037035,-0.1829796492062465,0.36407209506348515,0,0.037037037037037035,0.14285714285714285,0,-0.7057786469383792,-0.02174340745127179,-0.0031062010644673987,0.4444444444444444,-8.053113870841404e-4,0.4800682290197699,-0.3952082804361091,-0.014637343719855892,-0.056458325776587014
2015011101,IND,DEN,D.Herron,28,9,3.111111111111111,99,3.5357142857142856,11,0,1,Inf,-2.2357189520243237,0.32142857142857145,-0.07984710542944014,0.43044906343011785,0.03571428571428571,0,0,0.1111111111111111,-0.24841321689159152,0.05582706105251922,0.006203006783613247,0.5357142857142857,0.0019938236090185435,0.5742944187878449,0.2070869361469997,0.007395962005249989,0.023009659571888854
2015011101,DEN,IND,C.Anderson,20,9,2.2222222222222223,88,4.4,9.777777777777779,0,0,NaN,1.1756348840341058,0.4,0.05878174420170529,0.5427500066334503,0,0,0,0,0.13062609822601176,0.03789051010831096,0.004210056678701218,0.35,0.001894525505415548,0.5447627033527653,0.24565353766732168,0.012282676883366084,0.027294837518591297
2015011800,SEA,GB,M.Lynch,34,11,3.090909090909091,195,5.735294117647059,17.727272727272727,1,2,2,6.783440235300941,0.47058823529411764,0.1995129480970865,0.6533775678647403,0.058823529411764705,0.029411764705882353,0.09090909090909091,0.18181818181818182,0.6166763850273583,0.37077477476586485,0.033706797705987716,0.4117647058823529,0.010905140434290143,0.7154133575010733,1.6429797564127573,0.04832293401213992,0.1493617960375234
2015011800,GB,SEA,E.Lacy,30,10,3,136,4.533333333333333,13.6,0,1,Inf,-3.8244238334051555,0.36666666666666664,-0.12748079444683852,0.40731607953575927,0.03333333333333333,0,0,0.1,-0.38244238334051556,0.07488972308425573,0.007488972308425573,0.4666666666666667,0.0024963241028085246,0.5736317105122218,-0.02463583657521391,-8.211945525071304e-4,-0.0024635836575213907
2015011801,NE,IND,L.Blount,40,11,3.6363636363636362,178,4.45,16.181818181818183,1,4,4,8.321553420590229,0.525,0.20803883551475572,0.6685837657965412,0.1,0.025,0.09090909090909091,0.36363636363636365,0.7565048564172936,0.22758940368346736,0.020689945789406125,0.525,0.005689735092086684,0.8345122870251829,0.3958261061647229,0.009895652654118074,0.03598419146952026
2015011801,IND,NE,D.Herron,18,8,2.25,84,4.666666666666667,10.5,0,1,Inf,1.4265590521256901,0.5,0.07925328067364945,0.5861267766616529,0.05555555555555555,0,0,0.125,0.17831988151571126,0.03632964969938333,0.004541206212422916,0.5,0.002018313872187963,0.6466186907168793,0.04445936110503229,0.002469964505835127,0.005557420138129036
2015012500,IRV,CRT,M.Ingram,24,11,2.1818181818181817,152,6.333333333333333,13.818181818181818,2,0,0,-1.5915985045943186,0.5416666666666666,-0.06631660435809661,0.4607140859528421,0,0.08333333333333333,0.18181818181818182,0,-0.14469077314493806,0.11786565464628138,0.010715059513298307,0.5833333333333334,0.004911068943595057,0.5635674975919124,-0.645969685360045,-0.02691540355666854,-0.05872451685091318
2015012500,CRT,IRV,A.Morris,14,8,1.75,116,8.285714285714286,14.5,0,0,NaN,4.114333727882244,0.5,0.2938809805630174,0.7405056531333163,0,0,0,0,0.5142917159852805,0.2266653226669954,0.028333165333374426,0.42857142857142855,0.016190380190499672,0.7849754839804255,0.23194882957009313,0.016567773540720938,0.028993603696261642
2015020100,SEA,NE,M.Lynch,29,11,2.6363636363636362,162,5.586206896551724,14.727272727272727,0,1,Inf,3.98014805160126,0.4827586206896552,0.13724648453797447,0.6065458322581763,0.034482758620689655,0,0,0.09090909090909091,0.36183164105466,0.34284661185985776,0.031167873805441615,0.4827586206896552,0.01182229696068475,0.7243931055361567,0.5323786660493836,0.01835788503618564,0.04839806054994396
2015020100,NE,SEA,L.Blount,19,8,2.375,60,3.1578947368421053,7.5,0,0,NaN,-6.243162595175602,0.3157894736842105,-0.3285875050092422,0.20222477345923234,0,0,0,0,-0.7803953243969503,-0.13250971835276226,-0.016563714794095283,0.3684210526315789,-0.0069741957027769615,0.30999625934071423,-0.18454804929507632,-0.009713055226056649,-0.02306850616188454
2016010900,KC,HOU,S.Ware,35,11,3.1818181818181817,196,5.6,17.818181818181817,0,1,Inf,-1.0157847332008725,0.4,-0.029022420948596358,0.4739019385764723,0.02857142857142857,0,0,0.09090909090909091,-0.09234406665462477,0.02004060837058641,0.0018218734882351282,0.45714285714285713,5.725888105881831e-4,0.5526016654247301,0.02368448764494824,6.766996469985212e-4,0.00215313524044984
2016010900,HOU,KC,A.Blue,24,9,2.6666666666666665,115,4.791666666666667,12.777777777777779,0,0,NaN,-0.3896644192172277,0.20833333333333334,-0.016236017467384487,0.48682729610577125,0,0,0,0,-0.043296046579691966,-0.02200180231574297,-0.002444644701749219,0.20833333333333334,-9.167417631559572e-4,0.4699825718452417,0.28662964639809346,0.011942901933253895,0.03184773848867705
2016010901,PIT,CIN,F.Toussaint,29,13,2.230769230769231,167,5.758620689655173,12.846153846153847,1,0,0,0.7617843375339488,0.3448275862068966,0.02626842543220513,0.5177406116301008,0,0.034482758620689655,0.07692307692307693,0,0.05859879519491914,-0.12086060875870724,-0.009296969904515942,0.41379310344827586,-0.0041676071985761115,0.4207624886507639,0.18731635599554072,0.0064591846895014045,0.01440895046119544
2016010901,CIN,PIT,J.Hill,24,12,2,92,3.8333333333333335,7.666666666666667,2,1,0.5,-5.544777687145094,0.2916666666666667,-0.23103240363104557,0.36192104889135307,0.041666666666666664,0.08333333333333333,0.16666666666666666,0.08333333333333333,-0.46206480726209115,-0.5974653723912706,-0.04978878103260589,0.2916666666666667,-0.024894390516302944,0.20043130413536336,-0.9959295816037337,-0.04149706590015557,-0.08299413180031114
2016011000,MIN,SEA,A.Peterson,27,9,3,60,2.2222222222222223,6.666666666666667,0,0,NaN,-6.2614874380625345,0.2222222222222222,-0.23190694215046423,0.2983834164402213,0,0,0,0,-0.6957208264513928,-0.015928917351409444,-0.0017698797057121604,0.2962962962962963,-5.899599019040534e-4,0.48733064272043514,-0.07417059697871416,-0.0027470591473597837,-0.008241177442079351
2016011000,SEA,MIN,C.Michael,27,10,2.7,112,4.148148148148148,11.2,1,0,0,-8.337790320697291,0.3333333333333333,-0.3088070489147145,0.23126405490335913,0,0.037037037037037035,0.1,0,-0.8337790320697291,-0.26069967177199704,-0.026069967177199706,0.3333333333333333,-0.009655543398962853,0.25054307834252953,-0.3995553064009541,-0.014798344681516818,-0.03995553064009541
2016011001,GB,WAS,E.Lacy,31,11,2.8181818181818183,142,4.580645161290323,12.909090909090908,1,2,2,-3.1826963081708257,0.3225806451612903,-0.10266762284422018,0.4360007635482149,0.06451612903225806,0.03225806451612903,0.09090909090909091,0.18181818181818182,-0.2893360280155296,0.09455111519274079,0.008595555926612798,0.41935483870967744,0.00305003597395938,0.581329652023419,0.3318696643757758,0.010705473044379864,0.030169969488706892
2016011001,WAS,GB,A.Morris,17,9,1.8888888888888888,85,5,9.444444444444445,0,1,Inf,2.3153738944247153,0.4117647058823529,0.13619846437792443,0.5928807301614286,0.058823529411764705,0,0,0.1111111111111111,0.2572637660471906,0.07996519030686641,0.008885021145207379,0.47058823529411764,0.004703834723933318,0.6043937366944959,0.262685811842972,0.015452106578998355,0.02918731242699689
2016011600,KC,NE,C.West,32,8,4,135,4.21875,16.875,0,1,Inf,4.08489158022041,0.4375,0.12765286188188782,0.6036919450566198,0.03125,0,0,0.125,0.5106114475275513,0.03803944937361026,0.004754931171701282,0.34375,0.0011887327929253205,0.5364006876807562,0.22227976719229595,0.006946242724759248,0.027784970899036993
2016011600,NE,KC,S.Jackson,9,6,1.5,33,3.6666666666666665,5.5,0,1,Inf,1.8038499637150225,0.5555555555555556,0.20042777374611362,0.6897532707448406,0.1111111111111111,0,0,0.16666666666666666,0.3006416606191704,0.0502162069286054,0.008369367821434234,0.6666666666666666,0.005579578547622822,0.7444806889302448,0.07183298374708705,0.007981442638565227,0.011972163957847842
2016011601,GB,ARI,E.Lacy,22,9,2.4444444444444446,135,6.136363636363637,15,0,0,NaN,3.9971680462826358,0.3181818181818182,0.1816894566492107,0.6008869585276504,0,0,0,0,0.44412978292029287,0.09383082436245319,0.010425647151383687,0.3181818181818182,0.004265037471020599,0.5701204513114493,0.8330012016913111,0.03786369098596869,0.09255568907681234
2016011601,ARI,GB,D.Johnson,19,10,1.9,42,2.210526315789474,4.2,0,0,NaN,-4.362793065498408,0.21052631578947367,-0.22962068765781096,0.3001077772650751,0,0,0,0,-0.4362793065498408,-0.09966290998090771,-0.00996629099809077,0.3157894736842105,-0.005245416314784616,0.3772144322439037,0.029665400141393433,0.0015613368495470228,0.0029665400141393435
2016011700,CAR,SEA,J.Stewart,38,9,4.222222222222222,151,3.973684210526316,16.77777777777778,1,2,2,-2.0723377021071756,0.39473684210526316,-0.05453520268703094,0.45238801400992434,0.05263157894736842,0.02631578947368421,0.1111111111111111,0.2222222222222222,-0.23025974467857507,0.1795732305954426,0.019952581177271403,0.5,0.004725611331459016,0.7637688487467047,0.46559547408187946,0.012252512475838933,0.05173283045354216
2016011700,SEA,CAR,M.Lynch,12,8,1.5,78,6.5,9.75,0,0,NaN,6.8010321153213,0.6666666666666666,0.5667526762767751,0.7947532284046459,0,0,0,0,0.8501290144151625,0.03158642114263446,0.003948302642829308,0.6666666666666666,0.0026322017618862054,0.6252410843999354,0.19301805976507178,0.01608483831375598,0.024127257470633972
2016011701,DEN,PIT,R.Hillman,32,12,2.6666666666666665,110,3.4375,9.166666666666666,1,1,1,-5.198148726573665,0.3125,-0.16244214770542703,0.36860480493656106,0.03125,0.03125,0.08333333333333333,0.08333333333333333,-0.4331790605478054,-0.005333428257643047,-4.4445235480358725e-4,0.5,-1.6666963305134522e-4,0.49621927095200175,0.08410402190855142,0.0026282506846422317,0.007008668492379285
2016011701,PIT,DEN,F.Toussaint,19,10,1.9,89,4.684210526315789,8.9,1,1,1,-8.427154046089985,0.2631578947368421,-0.44353442347842026,0.2719743948314778,0.05263157894736842,0.05263157894736842,0.1,0.1,-0.8427154046089985,-0.30602488045146076,-0.030602488045146075,0.2631578947368421,-0.01610657265534004,0.24784610486111325,-1.024693307573362,-0.05393122671438747,-0.10246933075733619
2016012400,DEN,NE,C.Anderson,28,14,2,100,3.5714285714285716,7.142857142857143,0,0,NaN,-7.315966394253461,0.17857142857142858,-0.26128451408048076,0.3005015154393852,0,0,0,0,-0.5225690281609615,-0.18915658207934355,-0.013511184434238824,0.17857142857142858,-0.006755592217119412,0.33581423504920865,0.06531938921537925,0.0023328353291206874,0.004665670658241375
2016012400,NE,DEN,B.Bolden,16,10,1.6,45,2.8125,4.5,0,1,Inf,-4.529362920819037,0.125,-0.2830851825511898,0.2502092866524942,0.0625,0,0,0.1,-0.45293629208190367,-0.165707468641216,-0.016570746864121598,0.125,-0.010356716790076,0.23482399252789574,-0.09701500914369161,-0.006063438071480726,-0.009701500914369162
2016012401,CAR,ARI,J.Stewart,33,12,2.75,156,4.7272727272727275,13,0,3,Inf,2.3821604569731054,0.36363636363636365,0.07218668051433652,0.542819283804259,0.09090909090909091,0,0,0.25,0.19851337141442546,0.06069234900193654,0.005057695750161378,0.36363636363636365,0.001839162090967774,0.6099349273318686,0.30729732452709224,0.009312040137184613,0.025608110377257687
2016012401,ARI,CAR,D.Johnson,17,7,2.4285714285714284,60,3.5294117647058822,8.571428571428571,0,1,Inf,1.5461930735284883,0.47058823529411764,0.0909525337369699,0.5564061407489365,0.058823529411764705,0,0,0.14285714285714285,0.22088472478978405,-0.015602808207820312,-0.0022289726011171873,0.47058823529411764,-9.178122475188418e-4,0.4627204866123428,0.033150366989716996,0.0019500215876304115,0.004735766712816713
2016013100,IRV,RIC,L.Murray,27,11,2.4545454545454546,109,4.037037037037037,9.909090909090908,1,0,0,-6.27080522415567,0.3333333333333333,-0.2322520453390989,0.3596922590243005,0,0.037037037037037035,0.09090909090909091,0,-0.57007320219597,-0.016040757978327047,-0.0014582507253024588,0.5185185185185185,-5.941021473454462e-4,0.46438994785432824,-0.11104676157538097,-0.004112843021310406,-0.010095160143216451
2016013100,RIC,IRV,D.Martin,16,8,2,61,3.8125,7.625,0,1,Inf,4.001868264752467,0.375,0.2501167665470292,0.6436944769884414,0.0625,0,0,0.125,0.5002335330940584,0.046282875199762735,0.005785359399970342,0.375,0.002892679699985171,0.5822733389111673,0.22171915725837427,0.013857447328648392,0.027714894657296783
2016020700,CAR,DEN,J.Stewart,28,15,1.8666666666666667,118,4.214285714285714,7.866666666666666,2,1,0.5,-4.418121019724875,0.32142857142857145,-0.15779003641874553,0.39646726418770467,0.03571428571428571,0.07142857142857142,0.13333333333333333,0.06666666666666667,-0.2945414013149917,-0.14073570011426761,-0.009382380007617841,0.32142857142857145,-0.005026275004080987,0.39752208937228223,-0.3806966516236699,-0.01359630898655964,-0.025379776774911326
2016020700,DEN,CAR,C.Anderson,28,13,2.1538461538461537,90,3.2142857142857144,6.923076923076923,0,1,Inf,-7.469952565998825,0.21428571428571427,-0.26678402021424374,0.29927072053424497,0.03571428571428571,0,0,0.07692307692307693,-0.5746117358460634,-0.23595617439873745,-0.018150474953749034,0.32142857142857145,-0.008427006228526338,0.3272385995043786,-0.02593555825920668,-9.2626993782881e-4,-0.0019950429430158987
2017010700,HOU,OAK,L.Miller,42,14,3,125,2.9761904761904763,8.928571428571429,1,2,2,-7.066845682029457,0.2619047619047619,-0.1682582305245109,0.37009720671082497,0.047619047619047616,0.023809523809523808,0.07142857142857142,0.14285714285714285,-0.5047746915735326,-0.14127581080804458,-0.010091129343431756,0.2857142857142857,-0.0033637097811439185,0.3816963935158522,0.008338443557802423,1.9853437042386722e-4,5.956031112716016e-4
2017010700,OAK,HOU,L.Murray,21,12,1.75,64,3.0476190476190474,5.333333333333333,0,1,Inf,-4.272606188042321,0.23809523809523808,-0.20345743752582482,0.33887322264872305,0.047619047619047616,0,0,0.08333333333333333,-0.3560505156701934,-0.0891885471494186,-0.007432378929118216,0.2857142857142857,-0.004247073673781838,0.348205391517682,-0.039746969666518576,-0.0018927128412627894,-0.0033122474722098814
2017010701,SEA,DET,T.Rawls,35,8,4.375,180,5.142857142857143,22.5,0,1,Inf,5.158100853489891,0.42857142857142855,0.1473743100997112,0.6016693103514974,0.02857142857142857,0,0,0.125,0.6447626066862364,0.27406677435381405,0.034258346794226756,0.5142857142857142,0.00783047926725183,0.6950316404765341,0.5029541354514822,0.014370118155756633,0.06286926693143527
2017010701,DET,SEA,Z.Zenner,15,7,2.142857142857143,49,3.2666666666666666,7,0,0,NaN,-4.757102774418824,0.13333333333333333,-0.3171401849612549,0.2762885021674213,0,0,0,0,-0.6795861106312605,-0.18456728122328828,-0.026366754460469755,0.13333333333333333,-0.012304485414885885,0.21897648479438736,-0.06337176362559942,-0.0042247842417066275,-0.009053109089371346
2017010800,PIT,MIA,L.Bell,33,9,3.6666666666666665,181,5.484848484848484,20.11111111111111,0,3,Inf,5.087679614280789,0.45454545454545453,0.15417210952366028,0.6058165477651907,0.09090909090909091,0,0,0.3333333333333333,0.5652977349200877,0.09871809832583267,0.010968677591759186,0.48484848484848486,0.0029914575250252324,0.6659327761401349,0.1772391341213008,0.00537088285216063,0.019693237124588977
2017010800,MIA,PIT,J.Ajayi,21,8,2.625,52,2.4761904761904763,6.5,0,0,NaN,-11.436745826289334,0.14285714285714285,-0.5446069441090159,0.16760115705366987,0,0,0,0,-1.4295932282861668,-0.11110088883298343,-0.013887611104122928,0.19047619047619047,-0.005290518515856353,0.2058943824760531,-0.07592643880224154,-0.0036155447048686444,-0.009490804850280192
2017010801,GB,NYG,T.Montgomery,24,11,2.1818181818181817,76,3.1666666666666665,6.909090909090909,0,1,Inf,-7.290155484400232,0.2916666666666667,-0.30375647851667636,0.2835046638678894,0.041666666666666664,0,0,0.09090909090909091,-0.6627414076727484,-0.187451557077093,-0.01704105064337209,0.375,-0.007810481544878875,0.2522389560944743,-0.45840476737834457,-0.019100198640764357,-0.041673160670758595
2017010801,NYG,GB,P.Perkins,17,11,1.5454545454545454,70,4.117647058823529,6.363636363636363,0,0,NaN,-1.7205508776982952,0.23529411764705882,-0.10120887515872325,0.41601322551989706,0,0,0,0,-0.15641371615439048,-0.0721822750601471,-0.006562025005467918,0.35294117647058826,-0.004246016180008653,0.38011858664111553,0.007039035489130453,4.1406091112532076e-4,6.399123171936775e-4
2017011400,ATL,SEA,D.Freeman,26,9,2.888888888888889,102,3.923076923076923,11.333333333333334,0,1,Inf,-4.4488189386864985,0.4230769230769231,-0.1711084207187115,0.36551338423288193,0.038461538461538464,0,0,0.1111111111111111,-0.49431321540961093,0.011957294510941352,0.0013285882789934836,0.5,4.598959427285135e-4,0.5262261190562951,0.01921548132471398,7.390569740274608e-4,0.0021350534805237758
2017011400,SEA,ATL,T.Rawls,21,8,2.625,101,4.809523809523809,12.625,0,0,NaN,-0.8964857273828146,0.42857142857142855,-0.04268979654203879,0.4706351999903973,0,0,0,0,-0.11206071592285183,-0.011038342116113077,-0.0013797927645141346,0.38095238095238093,-5.256353388625274e-4,0.4834812157444518,0.03037205898074526,0.0014462885228926313,0.0037965073725931575
2017011401,NE,HOU,D.Lewis,24,11,2.1818181818181817,116,4.833333333333333,10.545454545454545,1,1,1,-5.166056061343851,0.3333333333333333,-0.21525233588932713,0.33538905693866655,0.041666666666666664,0.041666666666666664,0.09090909090909091,0.09090909090909091,-0.4696414601221683,-0.17487525899200806,-0.01589775081745528,0.4583333333333333,-0.007286469124667003,0.23108367153749107,-0.30092149186035616,-0.012538395494181507,-0.027356499260032377
2017011401,HOU,NE,L.Miller,23,13,1.7692307692307692,104,4.521739130434782,8,0,0,NaN,-0.1641275427558473,0.30434782608695654,-0.007135980119819447,0.49218067414713995,0,0,0,0,-0.012625195596603637,-0.018199824369911743,-0.0013999864899932111,0.2608695652173913,-7.912967117352932e-4,0.46879607402378287,0.15860385087867684,0.006895819603420733,0.01220029622143668
2017011500,PIT,KC,L.Bell,31,9,3.4444444444444446,174,5.612903225806452,19.333333333333332,0,0,NaN,4.59015296538309,0.5483870967741935,0.1480694504962287,0.6230440954142284,0,0,0,0,0.5100169961536767,0.1459824228413033,0.016220269204589258,0.5483870967741935,0.00470911041423559,0.6133832870413188,0.36673999246857936,0.011830322337696108,0.04074888805206437
2017011500,KC,PIT,S.Ware,14,7,2,61,4.357142857142857,8.714285714285714,0,1,Inf,-0.6255866825334235,0.42857142857142855,-0.044684763038101684,0.46529449148382296,0.07142857142857142,0,0,0.14285714285714285,-0.08936952607620337,-0.005285179945399454,-7.550257064856363e-4,0.42857142857142855,-3.7751285324281813e-4,0.49200602579008174,-0.06010600371974068,-0.004293285979981477,-0.008586571959962954
2017011501,DAL,GB,E.Elliott,25,8,3.125,151,6.04,18.875,0,0,NaN,5.471229411333885,0.56,0.21884917645335542,0.686669482383981,0,0,0,0,0.6839036764167357,0.10470521479386317,0.013088151849232897,0.48,0.004188208591754527,0.6444027891141737,0.1723602200458295,0.006894408801833179,0.021545027505728686
2017011501,GB,DAL,T.Montgomery,17,7,2.4285714285714284,87,5.117647058823529,12.428571428571429,0,2,Inf,3.237035727520878,0.47058823529411764,0.1904138663247575,0.6585959477732699,0.11764705882352941,0,0,0.2857142857142857,0.4624336753601254,0.14956021422850813,0.021365744889786875,0.6470588235294118,0.008797659660500478,0.7348066294676183,0.12078384729052417,0.0071049321935602455,0.01725483532721774
2017012200,ATL,GB,D.Freeman,30,9,3.3333333333333335,101,3.3666666666666667,11.222222222222221,2,2,1,-3.923128368470619,0.3,-0.1307709456156873,0.38685373056327144,0.06666666666666667,0.06666666666666667,0.2222222222222222,0.2222222222222222,-0.435903152052291,-0.03609788270307329,-0.004010875855897033,0.36666666666666664,-0.0012032627567691097,0.39376419141059915,0.05052339832796406,0.0016841132775988021,0.00561371092532934
2017012200,GB,ATL,C.Michael,19,6,3.1666666666666665,99,5.2105263157894735,16.5,1,0,0,-0.15766361591940814,0.42105263157894735,-0.008298085048389902,0.49590211668334894,0,0.05263157894736842,0.16666666666666666,0,-0.026277269319901358,-0.11555166025496151,-0.019258610042493584,0.3157894736842105,-0.0060816663292085,0.10496279503733995,-0.48636399831267463,-0.025598105174351297,-0.08106066638544578
2017012201,NE,PIT,L.Blount,24,9,2.6666666666666665,60,2.5,6.666666666666667,0,1,Inf,-3.352760713865594,0.3333333333333333,-0.1396983630777331,0.4067126047595252,0.041666666666666664,0,0,0.1111111111111111,-0.37252896820728826,-0.091905490600798,-0.010211721177866444,0.375,-0.003829395441699917,0.3199756992003037,-0.05625115022309727,-0.002343797925962386,-0.0062501278025663635
2017012201,PIT,NE,D.Williams,20,7,2.857142857142857,54,2.7,7.714285714285714,0,1,Inf,-2.948275532943648,0.25,-0.14741377664718242,0.3878539503035608,0.05,0,0,0.14285714285714285,-0.42118221899194974,-0.07119309639299184,-0.010170442341855978,0.25,-0.0035596548196495923,0.4102388760508026,0.13167585765713416,0.006583792882856708,0.018810836808162024
2017012900,AFC,NFC,J.Ajayi,16,8,2,35,2.1875,4.375,2,0,0,-11.440859495648171,0.1875,-0.7150537184780107,0.06968586737533741,0,0.125,0.25,0,-1.4301074369560214,-0.2941284739253599,-0.03676605924066999,0.1875,-0.018383029620334994,0.0600497474536454,-0.9932382516907958,-0.06207739073067474,-0.12415478146134948
2017012900,NFC,AFC,E.Elliott,15,7,2.142857142857143,45,3,6.428571428571429,0,0,NaN,-7.706385088146234,0.26666666666666666,-0.5137590058764157,0.13365104605791556,0,0,0,0,-1.100912155449462,-0.1649111207475415,-0.02355873153536307,0.26666666666666666,-0.010994074716502766,0.19308577208656644,-0.3396206259678871,-0.022641375064525807,-0.04851723228112673
2017020500,NE,ATL,L.Blount,26,12,2.1666666666666665,104,4,8.666666666666666,1,2,2,-4.706425685965386,0.4230769230769231,-0.18101637253713024,0.39831793272214155,0.07692307692307693,0.038461538461538464,0.08333333333333333,0.16666666666666666,-0.3922021404971155,-0.06713564725809824,-0.005594637271508187,0.38461538461538464,-0.0025821402791576247,0.45215419751609354,-0.44427804823365696,-0.017087617239756037,-0.03702317068613808
2017020500,ATL,NE,D.Freeman,18,8,2.25,104,5.777777777777778,13,0,1,Inf,4.036037861254127,0.5,0.2242243256252293,0.6464346902234439,0.05555555555555555,0,0,0.125,0.5045047326567659,0.22080228808403768,0.02760028601050471,0.6666666666666666,0.012266793782446538,0.8385891493509096,0.5462449460794297,0.030346941448857207,0.06828061825992872
2018010600,TEN,KC,D.Henry,28,9,3.111111111111111,211,7.535714285714286,23.444444444444443,2,2,1,10.055416408004547,0.5357142857142857,0.35912201457159093,0.6965187812953045,0.07142857142857142,0.07142857142857142,0.2222222222222222,0.2222222222222222,1.117268489778283,0.1759721576842516,0.019552461964916844,0.6071428571428571,0.0062847199172947,0.6166870094843157,0.6520774565877527,0.023288480592419742,0.07245305073197253
2018010600,KC,TEN,K.Hunt,16,9,1.7777777777777777,76,4.75,8.444444444444445,0,1,Inf,-2.0164456712833303,0.4375,-0.12602785445520814,0.4109926280880931,0.0625,0,0,0.1111111111111111,-0.22404951903148115,-0.03743768004463205,-0.004159742227181339,0.4375,-0.002339855002789503,0.42866122700998205,-0.10904407718046308,-0.006815254823778942,-0.01211600857560701
2018010601,ATL,LA,D.Freeman,36,10,3.6,127,3.5277777777777777,12.7,0,1,Inf,-1.5457180960162809,0.3611111111111111,-0.04293661377823002,0.46291873369828157,0.027777777777777776,0,0,0.1,-0.15457180960162809,-0.029599191076598697,-0.00295991910765987,0.4444444444444444,-8.221997521277416e-4,0.47550367225200674,0.22602596840881553,0.006278499122467098,0.022602596840881554
2018010601,LA,ATL,T.Gurley,16,8,2,115,7.1875,14.375,0,0,NaN,1.7081711921134435,0.375,0.10676069950709022,0.5714661987200905,0,0,0,0,0.21352139901418044,0.055322901722769935,0.006915362715346242,0.375,0.003457681357673121,0.598192860739946,0.20274169330716516,0.012671355831697822,0.025342711663395644
2018010700,JAC,BUF,L.Fournette,33,10,3.3,163,4.9393939393939394,16.3,1,0,0,-0.7689450960313877,0.36363636363636365,-0.02330136654640569,0.48319634410269385,0,0.030303030303030304,0.1,0,-0.07689450960313877,0.0747318525109733,0.007473185251097331,0.42424242424242425,0.0022646015912416153,0.5482784785553263,0.12759237476092958,0.0038664355988160476,0.012759237476092958
2018010700,BUF,JAC,L.McCoy,32,9,3.5555555555555554,130,4.0625,14.444444444444445,1,0,0,-1.0249215688410458,0.34375,-0.03202879902628268,0.4762097093369219,0,0.03125,0.1111111111111111,0,-0.11388017431567175,-0.09018925114384385,-0.010021027904871539,0.34375,-0.0028184140982451204,0.4360710334756269,0.21161823560076093,0.006613069862523779,0.023513137288973435
2018010701,CAR,NO,J.Stewart,26,7,3.7142857142857144,107,4.115384615384615,15.285714285714286,0,0,NaN,-0.7891715982251362,0.2692307692307692,-0.030352753777889853,0.47696423368011004,0,0,0,0,-0.11273879974644803,-0.05817630277905059,-0.008310900397007227,0.2692307692307692,-0.002237550106886561,0.4387079228130869,0.2488251212381278,0.009570196970697224,0.03554644589116111
2018010701,NO,CAR,A.Kamara,21,9,2.3333333333333335,42,2,4.666666666666667,0,2,Inf,-6.588241225179437,0.3333333333333333,-0.3137257726275922,0.2463319898818418,0.09523809523809523,0,0,0.2222222222222222,-0.7320268027977153,-0.1886909585149502,-0.02096566205721669,0.3333333333333333,-0.008985283738807153,0.20171865635527228,-0.33966320165959535,-0.016174438174266444,-0.03774035573995504
2018011300,PHI,ATL,J.Ajayi,29,8,3.625,99,3.413793103448276,12.375,3,2,0.6666666666666666,-8.138356267523168,0.3448275862068966,-0.2806329747421782,0.35569317710622467,0.06896551724137931,0.10344827586206896,0.375,0.25,-1.017294533440396,-0.17806835315988961,-0.022258544144986202,0.3793103448275862,-0.006140288039996194,0.39753470712533767,-0.2046617530526476,-0.007057301829401641,-0.02558271913158095
2018011300,ATL,PHI,D.Freeman,20,8,2.5,86,4.3,10.75,0,0,NaN,-1.4946643141576925,0.4,-0.07473321570788463,0.44742703697827274,0,0,0,0,-0.18683303926971156,-0.001279406679623618,-1.5992583495295226e-4,0.4,-6.39703339811809e-5,0.49896324811157716,0.08590022489525952,0.004295011244762976,0.01073752811190744
2018011301,NE,TEN,D.Lewis,24,9,2.6666666666666665,102,4.25,11.333333333333334,0,2,Inf,4.907208263328604,0.4166666666666667,0.20446701097202516,0.6798365578543182,0.08333333333333333,0,0,0.2222222222222222,0.5452453625920671,0.06489782001751943,0.007210868890835492,0.5,0.0027040758340633095,0.6591495834474645,0.1137004992229903,0.00473752080095793,0.012633388802554478
2018011301,TEN,NE,D.Henry,16,7,2.2857142857142856,65,4.0625,9.285714285714286,0,0,NaN,-2.389231572838044,0.25,-0.14932697330237776,0.37453279318011845,0,0,0,0,-0.3413187961197206,-0.06619408656691517,-0.009456298080987881,0.1875,-0.004137130410432198,0.36868421766397386,-0.005572466406343394,-3.482791503964621e-4,-7.960666294776277e-4
2018011400,JAC,PIT,L.Fournette,34,10,3.4,164,4.823529411764706,16.4,1,4,4,9.112116403263432,0.38235294117647056,0.26800342362539503,0.6849161793918851,0.11764705882352941,0.029411764705882353,0.1,0.4,0.9112116403263432,0.23363315800593026,0.023363315800593025,0.4411764705882353,0.006871563470762655,0.6789013982581303,0.745715769279535,0.021932816743515736,0.07457157692795349
2018011400,PIT,JAC,L.Bell,18,7,2.5714285714285716,75,4.166666666666667,10.714285714285714,0,1,Inf,-3.812363750357359,0.3888888888888889,-0.21179798613096437,0.40078631698082284,0.05555555555555555,0,0,0.14285714285714285,-0.5446233929081942,0.028135633378167643,0.004019376196881092,0.3888888888888889,0.0015630907432315358,0.5238582240565814,0.20745856384005848,0.011525475768892138,0.029636937691436927
2018011401,MIN,NO,L.Murray,29,9,3.2222222222222223,95,3.2758620689655173,10.555555555555555,0,2,Inf,-0.056532991742310745,0.3793103448275862,-0.0019494135083555429,0.4981283681542357,0.06896551724137931,0,0,0.2222222222222222,-0.006281443526923416,0.09480750874923372,0.010534167638803747,0.41379310344827586,0.0032692244396287486,0.6185864878593454,0.2683792978744621,0.009254458547395244,0.02981992198605134
2018011401,NO,MIN,A.Kamara,23,10,2.3,81,3.5217391304347827,8.1,0,0,NaN,-1.740223716770191,0.34782608695652173,-0.07566190072913874,0.42285159497771724,0,0,0,0,-0.17402237167701912,-0.13378503636092265,-0.013378503636092266,0.30434782608695654,-0.005816740711344463,0.3112175035096479,-0.038703722441744956,-0.0016827705409454329,-0.0038703722441744957
2018012100,JAC,NE,L.Fournette,30,10,3,103,3.433333333333333,10.3,0,1,Inf,-3.7829544141851787,0.26666666666666666,-0.12609848047283928,0.3766013214821927,0.03333333333333333,0,0,0.1,-0.3782954414185179,-0.11019856029176983,-0.011019856029176983,0.3,-0.0036732853430589945,0.3778491362384773,0.011056778680122567,3.685592893374189e-4,0.0011056778680122567
2018012100,NE,JAC,D.Lewis,16,9,1.7777777777777777,49,3.0625,5.444444444444445,0,1,Inf,-3.317392664036635,0.25,-0.20733704150228968,0.30510716673668625,0.0625,0,0,0.1111111111111111,-0.36859918489295945,-0.015411093986912816,-0.0017123437763236463,0.375,-9.63193374182051e-4,0.4743018588992212,-0.013911273057288434,-8.694545660805272e-4,-0.0015456970063653817
2018012101,PHI,MIN,J.Ajayi,27,7,3.857142857142857,114,4.222222222222222,16.285714285714285,0,1,Inf,-0.794109853413092,0.37037037037037035,-0.02941147605233674,0.4747287205454001,0.037037037037037035,0,0,0.14285714285714285,-0.11344426477329886,0.03604959701807742,0.005149942431153917,0.4074074074074074,0.0013351702599287932,0.5829444562738995,0.18654062162159976,0.006908911911911102,0.026648660231657108
2018012101,MIN,PHI,J.McKinnon,18,8,2.25,70,3.888888888888889,8.75,0,0,NaN,-0.9273704500407429,0.2777777777777778,-0.05152058055781905,0.44511989221555454,0,0,0,0,-0.11592130625509287,-0.05550293993597995,-0.0069378674919974934,0.2777777777777778,-0.0030834966631099973,0.35171363557723423,-0.01704826842206042,-9.471260234478011e-4,-0.0021310335527575525
2018012800,NFC,AFC,M.Ingram,19,6,3.1666666666666665,60,3.1578947368421053,10,0,0,NaN,-0.8391137718905091,0.42105263157894735,-0.04416388273107943,0.4663197419299513,0,0,0,0,-0.13985229531508483,0.024365547506120744,0.004060924584353458,0.47368421052631576,0.0012823972371642496,0.530097372635632,0.10135709126762726,0.005334583750927751,0.016892848544604544
2018012800,AFC,NFC,K.Hunt,11,6,1.8333333333333333,18,1.6363636363636365,3,0,1,Inf,-2.6417001709770105,0.36363636363636365,-0.24015456099791005,0.2713072108713281,0.09090909090909091,0,0,0.16666666666666666,-0.44028336182950173,-0.09254463492675782,-0.015424105821126305,0.36363636363636365,-0.008413148629705257,0.24023539536456254,-0.17118907237145506,-0.01556264294285955,-0.028531512061909178
2018020400,PHI,NE,L.Blount,27,10,2.7,164,6.074074074074074,16.4,0,1,Inf,5.804738622239274,0.4074074074074074,0.21499031934219534,0.6661761683586381,0.037037037037037035,0,0,0.1,0.5804738622239274,0.19851050660428643,0.019851050660428644,0.48148148148148145,0.007352240985343942,0.6935580973006071,0.49540269752748417,0.018348248056573487,0.04954026975274842
2018020400,NE,PHI,D.Lewis,22,8,2.75,113,5.136363636363637,14.125,0,1,Inf,3.075497119449739,0.4090909090909091,0.13979532361135177,0.6257069685552787,0.045454545454545456,0,0,0.125,0.38443713993121736,0.10452944478609233,0.013066180598261541,0.4090909090909091,0.004751338399367833,0.6300483661555009,0.4608591760719773,0.020948144366908058,0.05760739700899716
