Player_ID_Name,Receptions,Targets,Rush_Attempts,Position,Total_Plays,Replacement_Level_Receiver,Replacement_Level_Rusher,Player_Model_ID_Rec,Player_Model_ID_Rush,air_iPA,yac_iPA,rush_iPA,air_iPAA,yac_iPAA,rush_iPAA,air_iPAR,yac_iPAR,rush_iPAR,total_iPAR,air_WAR,yac_WAR,rush_WAR,total_WAR
A.Battle-00-0022064,5,5,0,WR,10,1,1,Replacement_WR_rec,Replacement_WR_TE_rush,0.011293007138280286,5.579017749596457e-4,-0.04386887214964908,0.056465035691401426,0.0027895088747982282,-0,0,0,0,0,0,0,0,0
A.Boldin-00-0022084,85,128,2,WR,215,0,1,A.Boldin-00-0022084,Replacement_WR_TE_rush,0.03325323631397527,0.02078501729917206,-0.04386887214964908,4.256414248188834,2.660482214294024,-0.08773774429929816,2.810909334488958,2.5890707870991894,0,5.399980121588147,0.0704657465715095,0.06490455017561036,0,0.13537029674711987
A.Bryant-00-0021191,38,85,0,WR,123,0,1,A.Bryant-00-0021191,Replacement_WR_TE_rush,-0.05367936118975527,-0.05985276760144456,-0.04386887214964908,-4.562745701129198,-5.087485246122788,-0,-5.522651307883022,-5.134906896994358,0,-10.657558204877379,-0.13844549971401052,-0.1287252646794048,0,-0.2671707643934153
A.Caldwell-00-0026237,51,79,3,WR,133,0,0,A.Caldwell-00-0026237,A.Caldwell-00-0026237,0.020668017741107266,0.004551954594937973,-8.425010474541222e-4,1.632773401547474,0.3596044130000998,-0.0025275031423623666,0.7406258376233315,0.3155301727782878,0.1290791133065849,1.1852351237082042,0.018566501572262875,0.00790992043672648,0.003235841147324171,0.029712263156313524
A.Collie-00-0027092,60,90,2,WR,152,0,1,A.Collie-00-0027092,Replacement_WR_TE_rush,0.023395199172910868,0.019273690728440995,-0.04386887214964908,2.105567925561978,1.7346321655596895,-0.08773774429929816,1.0891972831167522,1.6844210058133213,0,2.7736182889300736,0.02730472263077657,0.04222618718399468,0,0.06953090981477124
A.Davis-00-0021175,6,10,0,WR,16,1,1,Replacement_WR_rec,Replacement_WR_TE_rush,0.011293007138280286,5.579017749596457e-4,-0.04386887214964908,0.11293007138280285,0.0055790177495964564,-0,0,0,0,0,0,0,0,0
A.Johnson-00-0022044,101,171,2,WR,274,0,1,A.Johnson-00-0022044,Replacement_WR_TE_rush,0.009703530101135506,0.014495772772260995,-0.04386887214964908,1.6593036472941716,2.47877714405663,-0.08773774429929816,-0.2718005733517572,2.3833759405385306,0,2.1115753671867736,-0.006813677725140139,0.0597480548198311,0,0.05293437709469097
A.Randle El-00-0021190,47,74,0,WR,121,0,1,A.Randle El-00-0021190,Replacement_WR_TE_rush,0.016251258363038815,0.016282573082335546,-0.04386887214964908,1.2025931188648724,1.2049104080928303,-0,0.3669105906321313,1.1636256767458166,0,1.530536267377948,0.009197958958212779,0.02917054315328151,0,0.03836850211149429
B.Berrian-00-0022807,55,92,0,WR,147,0,1,B.Berrian-00-0022807,Replacement_WR_TE_rush,-0.02529300113792858,-0.02271239287182665,-0.04386887214964908,-2.3269561046894296,-2.0895401442080517,-0,-3.3659127614112156,-2.1408671075043393,0,-5.5067798689155545,-0.08437894197342856,-0.05366868194206923,0,-0.13804762391549777
B.Clark-00-0023790,6,18,0,WR,24,0,1,B.Clark-00-0023790,Replacement_WR_TE_rush,-0.029892646310272244,-0.024152823988875312,-0.04386887214964908,-0.5380676335849004,-0.4347508317997556,-0,-0.7413417620739455,-0.4447930637490292,0,-1.1861348258229747,-0.01858444884302054,-0.011150368644886468,0,-0.029734817487907003
B.Edwards-00-0023438,45,94,0,WR,139,0,1,B.Edwards-00-0023438,Replacement_WR_TE_rush,0.022999523507803106,-0.0435456102897061,-0.04386887214964908,2.1619552097334918,-4.0932873672323735,-0,1.1004125387351449,-4.145730134078581,0,-3.0453175953434357,0.02758587412522135,-0.10392792303810217,0,-0.07634204891288081
B.Engram-00-0004915,5,10,0,WR,15,1,1,Replacement_WR_rec,Replacement_WR_TE_rush,0.011293007138280286,5.579017749596457e-4,-0.04386887214964908,0.11293007138280285,0.0055790177495964564,-0,0,0,0,0,0,0,0,0
B.Finneran-00-0005231,11,16,0,WR,27,0,1,B.Finneran-00-0005231,Replacement_WR_TE_rush,-0.003028777679402701,0.014248520124849251,-0.04386887214964908,-0.04846044287044322,0.22797632199758802,-0,-0.22914855708292778,0.21904989359823368,0,-0.010098663484694098,-0.005744448585556504,0.00549128856609512,0,-2.531600194613843e-4
B.Gibson-00-0026937,32,69,0,WR,101,0,1,B.Gibson-00-0026937,Replacement_WR_TE_rush,0.010349704733346128,-0.026487091004919628,-0.04386887214964908,0.7141296266008829,-1.8276092793394543,-0,-0.06508786594045679,-1.8661045018116698,0,-1.9311923677521265,-0.001631665955911902,-0.046780750018221795,0,-0.04841241597413369
B.Hartline-00-0027077,31,55,4,WR,90,0,0,B.Hartline-00-0027077,B.Hartline-00-0027077,0.03009807972814433,0.011217218401202359,0.003800225180543153,1.655394385047938,0.6169470120661298,0.015200900722172611,1.0342789924425224,0.5862624144433493,0.19067638932076894,1.8112177962066407,0.02592799435807533,0.01469681651189828,0.0047800026710895565,0.04540481354106317
B.Johnson-00-0022156,36,87,0,WR,123,0,1,B.Johnson-00-0022156,Replacement_WR_TE_rush,-0.0594392116966136,-0.05388668952900038,-0.04386887214964908,-5.171211417605383,-4.688141989023033,-0,-6.153703038635768,-4.7366794434445225,0,-10.890382482080291,-0.15426512462582573,-0.11874223375223972,0,-0.2730073583780655
B.Jones-00-0023531,1,5,0,WR,6,1,1,Replacement_WR_rec,Replacement_WR_TE_rush,0.011293007138280286,5.579017749596457e-4,-0.04386887214964908,0.056465035691401426,0.0027895088747982282,-0,0,0,0,0,0,0,0,0
B.Lloyd-00-0022097,8,18,0,WR,26,0,1,B.Lloyd-00-0022097,Replacement_WR_TE_rush,-0.014065779749119729,-0.03749357743025539,-0.04386887214964908,-0.25318403548415513,-0.674884393744597,-0,-0.45645816397320027,-0.6849266256938706,0,-1.1413847896670708,-0.011442797143394813,-0.01717019664563394,0,-0.028612993789028752
B.Marshall-00-0024334,100,153,7,WR,260,0,0,B.Marshall-00-0024334,B.Marshall-00-0024334,-0.011262838553924777,0.10540826083429139,-0.002684003543285819,-1.7232142987504908,16.127463907646582,-0.018788024803000732,-3.4510443909073745,16.042104936077756,0.28829408024454284,12.879354625414924,-0.08651307833837346,0.40215416663545095,0.007227147936549066,0.32286823623362654
B.Obomanu-00-0024463,4,5,0,WR,9,1,1,Replacement_WR_rec,Replacement_WR_TE_rush,0.011293007138280286,5.579017749596457e-4,-0.04386887214964908,0.056465035691401426,0.0027895088747982282,-0,0,0,0,0,0,0,0,0
B.Robiskie-00-0027012,7,21,0,WR,28,0,1,B.Robiskie-00-0027012,Replacement_WR_TE_rush,-0.03477333533475623,-0.02041002018968764,-0.04386887214964908,-0.7302400420298809,-0.42861042398344046,-0,-0.9673931919337669,-0.440326361257593,0,-1.40771955319136,-0.024251256581422926,-0.011038394373105448,0,-0.03528965095452837
B.Smith-00-0024318,7,12,18,WR,37,0,0,B.Smith-00-0024318,B.Smith-00-0024318,-0.006642088027762428,0.01030803429483592,0.024491026614219025,-0.07970505633314913,0.12369641153803104,0.4408384790559425,-0.21522114199251258,0.1170015902385153,1.2304781777496259,1.1322586259956287,-0.005395306871835652,0.0029330737583927596,0.03084644615577464,0.028384213042331748
B.Stokley-00-0015754,18,32,0,WR,50,0,1,B.Stokley-00-0015754,Replacement_WR_TE_rush,-0.023147816890212645,0.012615351534716214,-0.04386887214964908,-0.7407301404868046,0.40369124911091886,-0,-1.1021063689117738,0.3858383923122102,0,-0.7162679765995636,-0.027628336187763544,0.00967245369199142,0,-0.017955882495772124
B.Swain-00-0026357,0,1,0,WR,1,1,1,Replacement_WR_rec,Replacement_WR_TE_rush,0.011293007138280286,5.579017749596457e-4,-0.04386887214964908,0.011293007138280286,5.579017749596457e-4,-0,0,0,0,0,0,0,0,0
B.Tate-00-0027057,0,2,1,WR,3,1,1,Replacement_WR_rec,Replacement_WR_TE_rush,0.011293007138280286,5.579017749596457e-4,-0.04386887214964908,0.02258601427656057,0.0011158035499192914,-0.04386887214964908,0,0,0,0,0,0,0,0
B.Wade-00-0022144,37,74,2,WR,113,0,1,B.Wade-00-0022144,Replacement_WR_TE_rush,-0.03223545797234242,-0.01049299592281572,-0.04386887214964908,-2.385423889953339,-0.7764816982883632,-0.08773774429929816,-3.2211064181860802,-0.817766429635377,0,-4.038872847821457,-0.08074884015603766,-0.020500313289489702,0,-0.10124915344552736
C.Chambers-00-0020446,45,91,0,WR,136,0,1,C.Chambers-00-0020446,Replacement_WR_TE_rush,0.008521336963261251,-0.011386347872233322,-0.04386887214964908,0.7754416636567738,-1.0361576563732322,-0,-0.2522219859267323,-1.0869267178945599,0,-1.3391487038212921,-0.006322868661043884,-0.027247802590148442,0,-0.03357067125119233
C.Davis-00-0025417,6,7,1,WR,14,1,1,Replacement_WR_rec,Replacement_WR_TE_rush,0.011293007138280286,5.579017749596457e-4,-0.04386887214964908,0.079051049967962,0.00390531242471752,-0.04386887214964908,0,0,0,0,0,0,0,0
C.Henry-00-0023518,12,21,0,WR,33,0,1,C.Henry-00-0023518,Replacement_WR_TE_rush,0.03872155451920836,0.02775513254095066,-0.04386887214964908,0.8131526449033756,0.5828577833599639,-0,0.5759994949994895,0.5711418460858113,0,1.1471413410853009,0.014439538814698448,0.014317764037730461,0,0.02875730285242891
C.Johnson-00-0025389,67,136,7,WR,210,0,0,C.Johnson-00-0025389,C.Johnson-00-0025389,0.029599899691656256,-0.020307388704532598,0.011494311943600179,4.025586358065251,-2.761804863816433,0.08046018360520125,2.489737387259132,-2.837679505210945,0.3875422886527448,0.03960017070093186,0.06241439437679715,-0.0711368390335204,0.009715168099831993,9.927234431087418e-4
C.Martin-00-0026753,1,2,0,WR,3,1,1,Replacement_WR_rec,Replacement_WR_TE_rush,0.011293007138280286,5.579017749596457e-4,-0.04386887214964908,0.02258601427656057,0.0011158035499192914,-0,0,0,0,0,0,0,0,0
C.Ochocinco-00-0020397,72,128,3,WR,203,0,0,C.Ochocinco-00-0020397,C.Ochocinco-00-0020397,0.04741156275127579,-0.05834119138406094,0.0014172459549920858,6.068680032163301,-7.467672497159801,0.0042517378649762575,4.623175118463425,-7.539083924354635,0.1358583543139235,-2.7800504515772873,0.11589683176763874,-0.18899477499209322,0.0034057876742039353,-0.06969215555025055
C.Roby-00-0023503,1,1,0,WR,2,1,1,Replacement_WR_rec,Replacement_WR_TE_rush,0.011293007138280286,5.579017749596457e-4,-0.04386887214964908,0.011293007138280286,5.579017749596457e-4,-0,0,0,0,0,0,0,0,0
C.Schilens-00-0026366,28,50,0,WR,78,0,1,C.Schilens-00-0026366,Replacement_WR_TE_rush,0.01226659930400171,0.00389443658518413,-0.04386887214964908,0.6133299652000855,0.1947218292592065,-0,0.04867960828607121,0.1668267405112242,0,0.2155063487972954,0.0012203328291662205,0.00418212379672934,0,0.00540245662589556
C.Stuckey-00-0025622,30,62,2,WR,94,0,1,C.Stuckey-00-0025622,Replacement_WR_TE_rush,-0.053478337256021496,0.02568850553328919,-0.04386887214964908,-3.315656909873333,1.59268734306393,-0.08773774429929816,-4.01582335244671,1.5580974330164319,0,-2.4577259194302785,-0.10067133335017611,0.03905942376068007,0,-0.061611909589496056
D.Amendola-00-0026035,42,61,3,WR,106,0,0,D.Amendola-00-0026035,D.Amendola-00-0026035,-0.0508293480525532,0.03228984043106092,-0.0028165728894707655,-3.100590231205745,1.9696802662947164,-0.008449718668412296,-3.7894636666408426,1.9356482580221779,0.12315689778053496,-1.7306585108381296,-0.09499679804649556,0.04852411919795076,0.003087379105777618,-0.04338529974276719
D.Anderson-00-0024465,35,51,0,WR,86,0,1,D.Anderson-00-0024465,Replacement_WR_TE_rush,-0.025778754240058013,-8.695935461008902e-4,-0.04386887214964908,-1.3147164662429587,-0.0443492708511454,-0,-1.8906598302952533,-0.07280226137408732,0,-1.9634620916693406,-0.04739631934045998,-0.0018250555565328872,0,-0.04922137489699287
D.Aromashodu-00-0024447,23,42,0,WR,65,0,1,D.Aromashodu-00-0024447,Replacement_WR_TE_rush,-0.0046797149261731995,-0.030174173014347955,-0.04386887214964908,-0.1965480268992744,-1.2673152666026142,-0,-0.6708543267070464,-1.2907471411509193,0,-1.9616014678579656,-0.01681742288594085,-0.032357308654630455,0,-0.0491747315405713
D.Avery-00-0026173,47,96,4,WR,147,0,0,D.Avery-00-0026173,D.Avery-00-0026173,-0.08957908139721654,-0.025089220100451264,0.0014028593106452443,-8.599591814132788,-2.4085651296433213,0.005611437242580977,-9.683720499407695,-2.4621237000394474,0.1810869258411773,-11.964757273605965,-0.2427579524562124,-0.06172215608164737,0.004539607616358094,-0.2999405009215017
D.Bess-00-0026000,75,112,2,WR,189,0,1,D.Bess-00-0026000,Replacement_WR_TE_rush,-0.015636760831975984,5.299280423841116e-4,-0.04386887214964908,-1.7513172131813102,0.05935194074702049,-0.08773774429929816,-3.016134012668702,-0.0031330580484598275,0,-3.019267070717162,-0.07561045543329946,-7.854158500517286e-5,0,-0.07568899701830464
D.Bowe-00-0025410,47,87,0,WR,134,0,1,D.Bowe-00-0025410,Replacement_WR_TE_rush,0.038946132260063486,0.03040743440042838,-0.04386887214964908,3.3883135066255234,2.645446792837269,-0,2.4058218855951385,2.5969093384157795,0,5.002731224010918,0.0603107447139911,0.06510105219856269,0,0.12541179691255377
D.Branch-00-0021192,44,77,1,WR,122,0,1,D.Branch-00-0021192,Replacement_WR_TE_rush,-0.05444549232503852,0.011736134988549998,-0.04386887214964908,-4.192302909027966,0.9036823941183498,-0.04386887214964908,-5.061864458675548,0.8607239574464571,0,-4.201140501229091,-0.12689418820732282,0.021577201195810053,0,-0.10531698701151275
D.Butler-00-0027063,15,42,0,WR,57,0,1,D.Butler-00-0027063,Replacement_WR_TE_rush,0.013221881674540798,-0.0069950636500933664,-0.04386887214964908,0.5553190303307135,-0.2937926733039214,-0,0.0810127305229415,-0.31722454785222653,0,-0.23621181732928503,0.0020308810633102308,-0.007952396159117204,0,-0.005921515095806973
D.Clowney-00-0025544,14,22,3,WR,39,0,0,D.Clowney-00-0025544,D.Clowney-00-0025544,0.02155534996355887,0.02768010388518202,-0.004821269192565548,0.47421769919829515,0.6089622854740044,-0.014463807577696644,0.22577154215612888,0.5966884464248923,0.1171428088712506,0.9396027974522717,0.005659791327109824,0.014958183222785608,0.0029366139210950585,0.023554588470990487
D.Driver-00-0004541,70,112,1,WR,183,0,1,D.Driver-00-0004541,Replacement_WR_TE_rush,-0.009019895367003143,-0.03272628914789013,-0.04386887214964908,-1.010228281104352,-3.6653443845636944,-0.04386887214964908,-2.275045080591744,-3.727829383359175,0,-6.002874463950919,-0.05703234470096602,-0.09345170879991116,0,-0.15048405350087718
D.Hagan-00-0024297,8,8,0,WR,16,1,1,Replacement_WR_rec,Replacement_WR_TE_rush,0.011293007138280286,5.579017749596457e-4,-0.04386887214964908,0.09034405710624228,0.0044632141996771655,-0,0,0,0,0,0,0,0,0
D.Henderson-00-0022929,51,83,4,WR,138,0,0,D.Henderson-00-0022929,D.Henderson-00-0022929,-0.00541596085953611,0.009102271922203324,-0.0031038558610402417,-0.4495247513414971,0.7554885695428759,-0.012415423444160967,-1.3868443438187608,0.7091827222212254,0.16306006515443536,-0.5146015564431,-0.03476633730821889,0.01777826462197847,0.004087698271205626,-0.012900374415034794
D.Hester-00-0024272,57,91,6,WR,154,0,0,D.Hester-00-0024272,D.Hester-00-0024272,0.011177884037166705,0.03155612150358249,-0.009019594695235621,1.01718744738217,2.8716070568260066,-0.05411756817141373,-0.010476202201336049,2.8208379953046787,0.20909566472648078,3.019457457829823,-2.6262441135813016e-4,0.07071464485088509,0.005241749329668887,0.07569376976919583
D.Heyward-Bey-00-0026983,9,40,2,WR,51,0,1,D.Heyward-Bey-00-0026983,Replacement_WR_TE_rush,-0.04688326819967474,-0.0687134287526427,-0.04386887214964908,-1.8753307279869897,-2.748537150105708,-0.08773774429929816,-2.327051013518201,-2.770853221104094,0,-5.097904234622295,-0.058336064050731856,-0.06946159325365422,0,-0.12779765730438608
D.Hixon-00-0024345,15,28,0,WR,43,0,1,D.Hixon-00-0024345,Replacement_WR_TE_rush,-0.02327097025889103,0.014663939499855741,-0.04386887214964908,-0.6515871672489488,0.41059030599596075,-0,-0.9677913671207968,0.39496905629709067,0,-0.5728223108237062,-0.02426123830209817,0.009901347255541797,0,-0.014359891046556375
D.Jackson-00-0026189,63,118,11,WR,192,0,0,D.Jackson-00-0026189,D.Jackson-00-0026189,-0.006554732248498564,0.004371533069628417,0.014303609202393241,-0.7734584053228306,0.5158409022161532,0.15733970122632565,-2.106033247639904,0.45000849277091504,0.6398972948724655,-1.0161274599965235,-0.052795443552200984,0.011281112491800591,0.01604137140213932,-0.025472959658261067
D.Jarrett-00-0025432,17,31,0,WR,48,0,1,D.Jarrett-00-0025432,Replacement_WR_TE_rush,0.011950220674170557,0.021751295545741546,-0.04386887214964908,0.37045684089928727,0.674290161917988,-0,0.020373619612598426,0.656995206894239,0,0.6773688265068374,5.107394602703205e-4,0.016469993243706935,0,0.016980732703977257
D.Mason-00-0010500,73,134,1,WR,208,0,1,D.Mason-00-0010500,Replacement_WR_TE_rush,0.037620889094048336,7.733173690550949e-4,-0.04386887214964908,5.041199138602477,0.10362452745338271,-0.04386887214964908,3.5279361820729185,0.0288656896087902,0,3.5568018716817087,0.08844065295034,7.236243245656545e-4,0,0.08916427727490565
D.Northcutt-00-0019650,34,61,0,WR,95,0,1,D.Northcutt-00-0019650,Replacement_WR_TE_rush,-0.04666008777436494,-0.006866255955269329,-0.04386887214964908,-2.8462653542362615,-0.41884161327142905,-0,-3.535138789671359,-0.45287362154396743,0,-3.988012411215326,-0.08862121271278356,-0.011352937447354824,0,-0.09997415016013839
D.Reynaud-00-0025951,0,2,0,WR,2,1,1,Replacement_WR_rec,Replacement_WR_TE_rush,0.011293007138280286,5.579017749596457e-4,-0.04386887214964908,0.02258601427656057,0.0011158035499192914,-0,0,0,0,0,0,0,0,0
D.Thomas-00-0026174,24,46,3,WR,73,0,0,D.Thomas-00-0026174,D.Thomas-00-0026174,0.008096122122227259,0.03670242708444813,-0.005469431442619787,0.3724216176224539,1.6883116458846141,-0.01640829432785936,-0.14705671073843923,1.6626481642364703,0.11519832212108788,1.630789775619119,-0.0036865155284059006,0.04168037109598665,0.002887868232691866,0.040881723800272614
D.Williams-00-0024326,8,17,0,WR,25,0,1,D.Williams-00-0024326,Replacement_WR_TE_rush,-0.008148378793093821,-0.04024490863784906,-0.04386887214964908,-0.13852243948259496,-0.684163446843434,-0,-0.33050356083335986,-0.6936477770177479,0,-1.0241513378511078,-0.008285283297086186,-0.01738882427316354,0,-0.025674107570249724
D.Williams-00-0027056,6,13,1,WR,20,0,1,D.Williams-00-0027056,Replacement_WR_TE_rush,-0.004644006300260627,0.0036295018432383123,-0.04386887214964908,-0.06037208190338815,0.04718352396209806,-0.04386887214964908,-0.20718117470103187,0.039930800887622665,0,-0.1672503738134092,-0.005193755619131265,0.0010010119007471242,0,-0.004192743718384141
D.Woodhead-00-0026019,8,14,15,WR,37,0,0,D.Woodhead-00-0026019,D.Woodhead-00-0026019,-0.019184431884754043,-0.004058349433674992,-0.010679793467726406,-0.2685820463865566,-0.05681689207144989,-0.1601969020158961,-0.4266841463224806,-0.06462751692088493,0.49783618022884013,0.0065245169854746266,-0.01069640224675091,-0.0016201256202100067,0.012480088802477021,1.6356093551610435e-4
E.Bennett-00-0026210,54,88,0,WR,142,0,1,E.Bennett-00-0026210,Replacement_WR_TE_rush,-0.0051526658707858955,0.02332739154506857,-0.04386887214964908,-0.4534345966291588,2.0528104559660343,-0,-1.447219224797824,2.0037150997695856,0,0.5564958749717617,-0.036279855019429305,0.050230464102656795,0,0.01395060908322749
E.Doucet-00-0026221,17,24,0,WR,41,0,1,E.Doucet-00-0026221,Replacement_WR_TE_rush,-0.01789874775514514,0.03436400435969668,-0.04386887214964908,-0.42956994612348337,0.8247361046327203,-0,-0.7006021174422102,0.8113464620336888,0,0.11074434459147853,-0.017563160308804924,0.02033937326753054,0,0.0027762129587256172
E.Royal-00-0026182,37,79,1,WR,117,0,1,E.Royal-00-0026182,Replacement_WR_TE_rush,-0.006148055329097007,-0.04049252580723111,-0.04386887214964908,-0.48569637099866353,-3.198909538771258,-0.04386887214964908,-1.377843934922806,-3.2429837789930698,0,-4.620827713915876,-0.03454070906595557,-0.0812972764016909,0,-0.11583798546764648
E.Weems-00-0024535,6,6,8,WR,20,1,0,Replacement_WR_rec,E.Weems-00-0024535,0.011293007138280286,5.579017749596457e-4,-0.0060556508652638156,0.06775804282968172,0.003347410649757874,-0.048445206922110524,0,0,0.30250577027508213,0.30250577027508213,0,0,0.0075834160437261685,0.0075834160437261685
G.Camarillo-00-0023408,48,70,0,WR,118,0,1,G.Camarillo-00-0023408,Replacement_WR_TE_rush,0.0624689215793602,-0.00934230694004515,-0.04386887214964908,4.372824510555215,-0.6539614858031605,-0,3.582314010875595,-0.6930146100503357,0,2.889299400825259,0.0898038325650304,-0.017372951622090918,0,0.07243088094293948
G.Jennings-00-0024267,69,119,0,WR,188,0,1,G.Jennings-00-0024267,Replacement_WR_TE_rush,0.05300660828681789,0.02603527347177963,-0.04386887214964908,6.307786386131329,3.098197543141776,-0,4.963918536675974,3.031807231921578,0,7.995725768597552,0.12443881462673395,0.07600336212804124,0,0.2004421767547752
G.Lewis-00-0021508,8,11,0,WR,19,1,1,Replacement_WR_rec,Replacement_WR_TE_rush,0.011293007138280286,5.579017749596457e-4,-0.04386887214964908,0.12422307852108314,0.006136919524556103,-0,0,0,0,0,0,0,0,0
H.Baskett-00-0024013,5,12,0,WR,17,1,1,Replacement_WR_rec,Replacement_WR_TE_rush,0.011293007138280286,5.579017749596457e-4,-0.04386887214964908,0.13551608565936343,0.006694821299515748,-0,0,0,0,0,0,0,0,0
H.Nicks-00-0027005,47,74,2,WR,123,0,1,H.Nicks-00-0027005,Replacement_WR_TE_rush,0.025175623114464113,0.07983344996342108,-0.04386887214964908,1.8629961104703443,5.90767529729316,-0.08773774429929816,1.0273135822376032,5.866390565946146,0,6.893704148183749,0.0257533808178077,0.14706258428097274,0,0.17281596509878044
H.Ward-00-0017162,95,136,0,WR,231,0,1,H.Ward-00-0017162,Replacement_WR_TE_rush,-0.024246090956015647,4.946163821468187e-4,-0.04386887214964908,-3.297468370018128,0.06726782797196734,-0,-4.833317340824247,-0.008606813422544476,0,-4.841924154246792,-0.12116481690083539,-2.1576132889805516e-4,0,-0.12138057822973344
I.Bruce-00-0002099,21,49,1,WR,71,0,1,I.Bruce-00-0002099,Replacement_WR_TE_rush,-0.015168290375249211,-0.0031387384520812,-0.04386887214964908,-0.7432462283872113,-0.1537981841519788,-0.04386887214964908,-1.2966035781629452,-0.18113537112500144,0,-1.4777389492879467,-0.032504121716595134,-0.004540822074985646,0,-0.037044943791580784
I.Stanback-00-0025490,3,7,0,WR,10,1,1,Replacement_WR_rec,Replacement_WR_TE_rush,0.011293007138280286,5.579017749596457e-4,-0.04386887214964908,0.079051049967962,0.00390531242471752,-0,0,0,0,0,0,0,0,0
J.Allen-00-0026022,0,1,0,WR,1,1,1,Replacement_WR_rec,Replacement_WR_TE_rush,0.011293007138280286,5.579017749596457e-4,-0.04386887214964908,0.011293007138280286,5.579017749596457e-4,-0,0,0,0,0,0,0,0,0
J.Avant-00-0024324,40,55,0,WR,95,0,1,J.Avant-00-0024324,Replacement_WR_TE_rush,0.06356298787991493,0.06520376863888316,-0.04386887214964908,3.4959643333953214,3.586207275138574,-0,2.8748489407899056,3.5555226775157935,0,6.430371618305699,0.07206862719031958,0.08913220958392568,0,0.16120083677424524
J.Cotchery-00-0022811,57,95,2,WR,154,0,1,J.Cotchery-00-0022811,Replacement_WR_TE_rush,0.012531446928277562,0.023953667342709064,-0.04386887214964908,1.1904874581863685,2.2755983975573613,-0.08773774429929816,0.11765178004974142,2.222597728936195,0,2.340249508985936,0.002949373149447138,0.05571755957262297,0,0.058666932722070096
J.Cribbs-00-0023176,20,37,55,WR,112,0,0,J.Cribbs-00-0023176,J.Cribbs-00-0023176,-0.04320973176100834,-0.017173148582323192,0.005004531071656121,-1.5987600751573086,-0.6354064975459581,0.2752492089410866,-2.016601339273679,-0.656048863219465,2.688037177171786,0.01538697467864214,-0.05055350493361277,-0.016446269670435477,0.06738550552923463,3.857309251863706e-4
J.Dillard-00-0027105,6,8,0,WR,14,1,1,Replacement_WR_rec,Replacement_WR_TE_rush,0.011293007138280286,5.579017749596457e-4,-0.04386887214964908,0.09034405710624228,0.0044632141996771655,-0,0,0,0,0,0,0,0,0
J.Edelman-00-0027150,37,54,2,WR,93,0,1,J.Edelman-00-0027150,Replacement_WR_TE_rush,-0.06355899434591697,0.0692649577092342,-0.04386887214964908,-3.432185694679516,3.7403077162986467,-0.08773774429929816,-4.042008080146651,3.710181020450826,0,-0.33182705969582527,-0.10132774953674924,0.09300928788905391,0,-0.008318461647695322
J.Gaffney-00-0021163,54,87,0,WR,141,0,1,J.Gaffney-00-0021163,Replacement_WR_TE_rush,0.023562104249162864,0.013645625405081022,-0.04386887214964908,2.0499030696771694,1.187169410242049,-0,1.0674114486467845,1.1386319558205598,0,2.2060434044673443,0.026758580828273818,0.02854398391745387,0,0.055302564745727686
J.Gage-00-0021982,28,67,0,WR,95,0,1,J.Gage-00-0021982,Replacement_WR_TE_rush,0.002844765588952516,-0.026220983527811957,-0.04386887214964908,0.19059929445981857,-1.7568058963634012,-0,-0.5660321838049606,-1.7941853152856975,0,-2.360217499090658,-0.014189671621895253,-0.04497783196989219,0,-0.05916750359178745
J.Hardy-00-0026181,1,1,0,WR,2,1,1,Replacement_WR_rec,Replacement_WR_TE_rush,0.011293007138280286,5.579017749596457e-4,-0.04386887214964908,0.011293007138280286,5.579017749596457e-4,-0,0,0,0,0,0,0,0,0
J.Harper-00-0026355,0,1,0,WR,1,1,1,Replacement_WR_rec,Replacement_WR_TE_rush,0.011293007138280286,5.579017749596457e-4,-0.04386887214964908,0.011293007138280286,5.579017749596457e-4,-0,0,0,0,0,0,0,0,0
J.Higgins-00-0025486,18,45,2,WR,65,0,1,J.Higgins-00-0025486,Replacement_WR_TE_rush,-0.008373309722246878,-0.0246655821127447,-0.04386887214964908,-0.3767989375011095,-1.1099511950735115,-0.08773774429929816,-0.8849842587237223,-1.1350567749466955,0,-2.020041033670418,-0.02218537457962467,-0.028454358903116355,0,-0.05063973348274103
J.Hill-00-0025463,9,16,0,WR,25,0,1,J.Hill-00-0025463,Replacement_WR_TE_rush,0.014106304199095353,0.007246277565907181,-0.04386887214964908,0.22570086718552565,0.1159404410545149,-0,0.04501275297304108,0.10701401265516057,0,0.15202676562820167,0.001128409658955058,0.0026826985142620503,0,0.0038111081732171087
J.Johnson-00-0026333,1,1,0,WR,2,1,1,Replacement_WR_rec,Replacement_WR_TE_rush,0.011293007138280286,5.579017749596457e-4,-0.04386887214964908,0.011293007138280286,5.579017749596457e-4,-0,0,0,0,0,0,0,0,0
J.Jones-00-0025460,26,39,3,WR,68,0,0,J.Jones-00-0025460,J.Jones-00-0025460,0.044482797104145634,-0.0026924465685176334,-3.943455938020832e-4,1.7348290870616798,-0.1050054161721877,-0.0011830367814062495,1.2944018086687488,-0.1267635853956139,0.130423579667541,1.2980618029406759,0.032448926293077454,-0.0031777939520796455,0.003269545125144671,0.032540677466142476
J.Jones-00-0025465,32,62,0,WR,94,0,1,J.Jones-00-0025465,Replacement_WR_TE_rush,-0.07765793518022956,-0.03725395622601861,-0.04386887214964908,-4.814791981174233,-2.309745286013154,-0,-5.51495842374761,-2.344335196060652,0,-7.859293619808263,-0.13825264937293452,-0.05876935544572219,0,-0.19702200481865673
J.Kent-00-0025597,1,3,0,WR,4,1,1,Replacement_WR_rec,Replacement_WR_TE_rush,0.011293007138280286,5.579017749596457e-4,-0.04386887214964908,0.03387902141484086,0.001673705324878937,-0,0,0,0,0,0,0,0,0
J.Knox-00-0026913,45,80,0,WR,125,0,1,J.Knox-00-0026913,Replacement_WR_TE_rush,-0.05995482359441413,0.004406167513974917,-0.04386887214964908,-4.7963858875531304,0.3524934011179934,-0,-5.699826458615553,0.30786125912122175,0,-5.391965199494331,-0.14288704434766458,0.007717671003560094,0,-0.13516937334410448
J.Maclin-00-0026995,54,90,2,WR,146,0,1,J.Maclin-00-0026995,Replacement_WR_TE_rush,0.016786275808567577,0.009776000468273167,-0.04386887214964908,1.510764822771082,0.879840042144585,-0.08773774429929816,0.49439418032585625,0.8296288823982169,0,1.324023062724073,0.01239380245738332,0.020797689152825666,0,0.033191491610208984
J.Morgan-00-0026314,52,80,5,WR,137,0,0,J.Morgan-00-0026314,J.Morgan-00-0026314,-0.0374971793868513,0.009775433858532172,0.005863160354663466,-2.999774350948104,0.7820347086825739,0.02931580177331733,-3.9032149220105268,0.7374025666858022,0.24866016252156273,-2.917152192803162,-0.09784839024647256,0.018485698470494902,0.006233578500624399,-0.07312911327535326
J.Nelson-00-0026176,21,30,0,WR,51,0,1,J.Nelson-00-0026176,Replacement_WR_TE_rush,0.027739644947368445,0.03450849012876745,-0.04386887214964908,0.8321893484210533,1.0352547038630235,-0,0.49339913427264476,1.0185176506142342,0,1.5119167848868789,0.01236885798046538,0.02553287854794515,0,0.03790173652841053
J.Reed-00-0021166,27,45,0,WR,72,0,1,J.Reed-00-0021166,Replacement_WR_TE_rush,-0.012378463379964483,-0.04197932293602343,-0.04386887214964908,-0.5570308520984018,-1.8890695321210544,-0,-1.0652161733210146,-1.9141751119942385,0,-2.979391285315253,-0.026703548204893773,-0.0479858160774864,0,-0.07468936428238017
J.Simpson-00-0026186,0,1,0,WR,1,1,1,Replacement_WR_rec,Replacement_WR_TE_rush,0.011293007138280286,5.579017749596457e-4,-0.04386887214964908,0.011293007138280286,5.579017749596457e-4,-0,0,0,0,0,0,0,0,0
J.Standeford-00-0022277,1,3,0,WR,4,1,1,Replacement_WR_rec,Replacement_WR_TE_rush,0.011293007138280286,5.579017749596457e-4,-0.04386887214964908,0.03387902141484086,0.001673705324878937,-0,0,0,0,0,0,0,0,0
J.Urban-00-0021647,17,28,0,WR,45,0,1,J.Urban-00-0021647,Replacement_WR_TE_rush,-0.029023264041675854,-0.0020149590259200974,-0.04386887214964908,-0.8126513931669239,-0.056418852725762726,-0,-1.128855593038772,-0.07204010242463281,0,-1.200895695463405,-0.02829890354658597,-0.0018059492485774818,0,-0.030104852795163454
K.Britt-00-0027006,42,75,0,WR,117,0,1,K.Britt-00-0027006,Replacement_WR_TE_rush,0.04395575058498644,-0.020428848007809877,-0.04386887214964908,3.2966812938739833,-1.5321636005857409,-0,2.449705758502962,-1.5740062337077143,0,0.8756995247952477,0.0614108548559147,-0.039458236167759134,0,0.021952618688155567
K.Burton-00-0026268,25,44,0,WR,69,0,1,K.Burton-00-0026268,Replacement_WR_TE_rush,-0.016778895618286726,-0.02792324321217535,-0.04386887214964908,-0.7382714072046159,-1.2286227013357154,-0,-1.2351637212889486,-1.2531703794339397,0,-2.4883341007228883,-0.030963906480638414,-0.03141530937502435,0,-0.06237921585566276
K.Curtis-00-0022001,6,14,0,WR,20,0,1,K.Curtis-00-0022001,Replacement_WR_TE_rush,-0.0199050328875195,-0.025825761866912298,-0.04386887214964908,-0.278670460425273,-0.3615606661367722,-0,-0.436772560361197,-0.36937129098620725,0,-0.8061438513474042,-0.010949305326276915,-0.009259645432910215,0,-0.02020895075918713
K.Moore-00-0026276,6,11,0,WR,17,1,1,Replacement_WR_rec,Replacement_WR_TE_rush,0.011293007138280286,5.579017749596457e-4,-0.04386887214964908,0.12422307852108314,0.006136919524556103,-0,0,0,0,0,0,0,0,0
K.Ogletree-00-0026780,7,8,1,WR,16,1,1,Replacement_WR_rec,Replacement_WR_TE_rush,0.011293007138280286,5.579017749596457e-4,-0.04386887214964908,0.09034405710624228,0.0044632141996771655,-0.04386887214964908,0,0,0,0,0,0,0,0
K.Osgood-00-0021570,1,5,0,WR,6,1,1,Replacement_WR_rec,Replacement_WR_TE_rush,0.011293007138280286,5.579017749596457e-4,-0.04386887214964908,0.056465035691401426,0.0027895088747982282,-0,0,0,0,0,0,0,0,0
K.Walter-00-0021931,53,70,4,WR,127,0,0,K.Walter-00-0021931,K.Walter-00-0021931,0.04630325392198754,-0.005438431671260455,0.004389074173108607,3.241227774539128,-0.38069021698823186,0.017556296692434428,2.4507172748595076,-0.4197433412354071,0.19303178529103077,2.2240057189151314,0.061436212221361794,-0.010522405523958396,0.00483904930538671,0.05575285600279011
K.Washington-00-0022171,34,48,1,WR,83,0,1,K.Washington-00-0022171,Replacement_WR_TE_rush,0.0639056061045513,0.03309706243418596,-0.04386887214964908,3.0674690930184623,1.5886589968409262,-0.04386887214964908,2.5254047503810084,1.561879711642863,0,4.087284462023872,0.06330852758123118,0.039154240439355115,0,0.1024627680205863
L.Coles-00-0018958,42,75,0,WR,117,0,1,L.Coles-00-0018958,Replacement_WR_TE_rush,-0.04442660337584327,0.010959799850735572,-0.04386887214964908,-3.331995253188245,0.8219849888051679,-0,-4.178970788559266,0.7801423556831945,0,-3.398828432876072,-0.10476122189472749,0.01955712795527321,0,-0.08520409393945429
L.Evans-00-0022910,43,94,0,WR,137,0,1,L.Evans-00-0022910,Replacement_WR_TE_rush,0.017182409119647402,-0.06122971209399748,-0.04386887214964908,1.615146457246856,-5.755592936835764,-0,0.553603786248509,-5.808035703681971,0,-5.254431917433462,0.013878108277692938,-0.14559970574374295,0,-0.13172159746605003
L.Fitzgerald-00-0022921,97,154,0,WR,251,0,1,L.Fitzgerald-00-0022921,Replacement_WR_TE_rush,0.04579848251378379,0.012842698822691437,-0.04386887214964908,7.052966307122703,1.9777756186944813,-0,5.313843207827539,1.8918587453506959,0,7.2057019531782345,0.13321095924696158,0.04742637454125248,0,0.18063733378821406
L.Hawkins-00-0026266,7,14,0,WR,21,0,1,L.Hawkins-00-0026266,Replacement_WR_TE_rush,0.005102433355298446,-0.00760530287776337,-0.04386887214964908,0.07143406697417824,-0.10647424028868718,-0,-0.08666803296174576,-0.11428486513812222,0,-0.200952898099868,-0.002172651949887215,-0.00286496908490511,0,-0.005037621034792326
L.Long-00-0025934,20,39,1,WR,60,0,1,L.Long-00-0025934,Replacement_WR_TE_rush,-0.054864092579252226,-0.009399076929093154,-0.04386887214964908,-2.139699610590837,-0.36656400023463304,-0.04386887214964908,-2.580126888983768,-0.3883221694580592,0,-2.968449058441827,-0.06468033858321574,-0.009734718671068492,0,-0.07441505725428424
L.Moore-00-0023310,14,19,0,WR,33,0,1,L.Moore-00-0023310,Replacement_WR_TE_rush,-0.00293763096162251,-0.024340293936029253,-0.04386887214964908,-0.05581498827082769,-0.4624655847845558,-0,-0.27038212389815314,-0.4730657185087891,0,-0.7434478424069422,-0.0067781190898985886,-0.01185912637704122,0,-0.01863724546693981
L.Murphy-00-0027089,34,96,6,WR,136,0,0,L.Murphy-00-0027089,L.Murphy-00-0027089,-0.03709700378993119,-0.05495419948795995,-0.005378858068380419,-3.5613123638333946,-5.275603150844155,-0.03227314841028251,-4.645441049108302,-5.329161721240281,0.230940084487612,-9.74366268586097,-0.11645500894068014,-0.133594973939556,0.0057893597872539235,-0.2442606230929822
L.Naanee-00-0025559,24,29,3,WR,56,0,1,L.Naanee-00-0025559,Replacement_WR_TE_rush,-9.122310802143879e-4,0.04456312554235301,-0.04386887214964908,-0.026454701326217248,1.2923306407282373,-0.13160661644894725,-0.35395190833634554,1.2761514892544077,0,0.9221995809180621,-0.008873102083125571,0.03199141513577295,0,0.02311831305264738
L.Robinson-00-0025462,13,23,0,WR,36,0,1,L.Robinson-00-0025462,Replacement_WR_TE_rush,0.03848893228803889,0.020578226115101357,-0.04386887214964908,0.8852454426248945,0.4732992006473312,-0,0.6255062784444478,0.4604674598232594,0,1.0859737382677073,0.01568060782144294,0.011543304840969423,0,0.027223912662412364
L.Sweed-00-0026193,1,5,0,WR,6,1,1,Replacement_WR_rec,Replacement_WR_TE_rush,0.011293007138280286,5.579017749596457e-4,-0.04386887214964908,0.056465035691401426,0.0027895088747982282,-0,0,0,0,0,0,0,0,0
M.Austin-00-0023921,78,121,2,WR,201,0,1,M.Austin-00-0023921,Replacement_WR_TE_rush,0.040464353553783604,0.11266076399900524,-0.04386887214964908,4.896186780007816,13.631952443879634,-0.08773774429929816,3.5297329162759015,13.564446329109517,0,17.09417924538542,0.08848569467952362,0.34004257116448394,0,0.42852826584400755
M.Booker-00-0001477,16,32,1,WR,49,0,1,M.Booker-00-0001477,Replacement_WR_TE_rush,-0.06061985967669882,-0.07140119151380578,-0.04386887214964908,-1.9398355096543622,-2.284838128441785,-0.04386887214964908,-2.3012117380793313,-2.3026909852404938,0,-4.603902723319825,-0.057688307891425546,-0.057725390644076495,0,-0.11541369853550204
M.Clayton-00-0022725,16,47,0,WR,63,0,1,M.Clayton-00-0022725,Replacement_WR_TE_rush,-0.07024781919498319,-0.09526523559266385,-0.04386887214964908,-3.3016475021642098,-4.477466072855201,-0,-3.832418837663383,-4.503687456278304,0,-8.336106293941688,-0.09607362687127177,-0.11290143550257578,0,-0.20897506237384755
M.Clayton-00-0023457,33,72,4,WR,109,0,0,M.Clayton-00-0023457,M.Clayton-00-0023457,-0.019854512431216775,-0.029265937801491535,6.864024847066522e-4,-1.4295248950476078,-2.1071475217073905,0.002745609938826609,-2.2426214090037884,-2.147316449504485,0.17822109853742293,-4.211716759970851,-0.0562195265154054,-0.05383035834100505,0.004467765149571174,-0.10558211970683928
M.Colston-00-0024466,70,106,1,WR,177,0,1,M.Colston-00-0024466,Replacement_WR_TE_rush,0.07559248652093943,0.01384656811170656,-0.04386887214964908,8.01280357121958,1.4677362198408954,-0.04386887214964908,6.81574481456187,1.408598631695173,0,8.224343446257043,0.17086162862179768,0.035311688279712115,0,0.20617331690150978
M.Crabtree-00-0026986,48,86,0,WR,134,0,1,M.Crabtree-00-0026986,Replacement_WR_TE_rush,-0.011353947089793507,-0.0010974037009897598,-0.04386887214964908,-0.9764394497222416,-0.09437671828511934,-0,-1.9476380636143462,-0.14235627093164888,0,-2.0899943345459953,-0.048824687626798,-0.003568681773991996,0,-0.05239336940079
M.Floyd-00-0022414,45,76,0,WR,121,0,1,M.Floyd-00-0022414,Replacement_WR_TE_rush,0.0583260719951807,-0.0013333156917842998,-0.04386887214964908,4.432781471633733,-0.1013319925756068,-0,3.5745129291244315,-0.14373252747253987,0,3.4307804016518917,0.08960826985408973,-0.0036031826892075477,0,0.08600508716488219
M.Furrey-00-0019281,22,38,0,WR,60,0,1,M.Furrey-00-0019281,Replacement_WR_TE_rush,-0.00930711779809493,-0.0293392262072539,-0.04386887214964908,-0.35367047632760734,-1.1148905958756483,-0,-0.7828047475822582,-1.136090863324115,0,-1.918895610906373,-0.01962387056789738,-0.028480282119010127,0,-0.04810415268690751
M.Jenkins-00-0022781,49,90,0,WR,139,0,1,M.Jenkins-00-0022781,Replacement_WR_TE_rush,-0.037888356926422874,-0.007082641303684327,-0.04386887214964908,-3.4099521233780585,-0.6374377173315894,-0,-4.426322765823285,-0.6876488770779575,0,-5.113971642901242,-0.11096200593638601,-0.017238439855680375,0,-0.12820044579206638
M.Jones-00-0022882,1,2,0,WR,3,1,1,Replacement_WR_rec,Replacement_WR_TE_rush,0.011293007138280286,5.579017749596457e-4,-0.04386887214964908,0.02258601427656057,0.0011158035499192914,-0,0,0,0,0,0,0,0,0
M.Kelly-00-0026191,25,40,0,WR,65,0,1,M.Kelly-00-0026191,Replacement_WR_TE_rush,-0.02266499090765426,0.007743648081332064,-0.04386887214964908,-0.9065996363061704,0.30974592325328254,-0,-1.3583199218373818,0.2874298522548967,0,-1.070890069582485,-0.034051268107737516,0.007205482893941251,0,-0.026845785213796266
M.Manningham-00-0026235,57,99,0,WR,156,0,1,M.Manningham-00-0026235,Replacement_WR_TE_rush,0.020622362815197644,-0.015094603900936325,-0.04386887214964908,2.0416139187045665,-1.4943657861926962,-0,0.9236062120148183,-1.549598061913701,0,-0.6259918498988828,0.023153575417451347,-0.038846355867385274,0,-0.015692780449933923
M.Massaquoi-00-0027026,34,95,0,WR,129,0,1,M.Massaquoi-00-0027026,Replacement_WR_TE_rush,-0.04464872890164743,-0.009874586601358003,-0.04386887214964908,-4.2416292456565055,-0.9380857271290103,-0,-5.314464923793133,-0.9910863957501767,0,-6.3055513195433095,-0.13322654483669708,-0.02484521358854133,0,-0.1580717584252384
M.Mitchell-00-0026959,4,7,0,WR,11,1,1,Replacement_WR_rec,Replacement_WR_TE_rush,0.011293007138280286,5.579017749596457e-4,-0.04386887214964908,0.079051049967962,0.00390531242471752,-0,0,0,0,0,0,0,0,0
M.Muhammad-00-0011795,52,87,0,WR,139,0,1,M.Muhammad-00-0011795,Replacement_WR_TE_rush,-0.024062020686731994,0.0018725023650214723,-0.04386887214964908,-2.0933957997456836,0.16290770575686808,-0,-3.0758874207760685,0.1143702513353789,0,-2.9615171694406897,-0.07710839364881404,0.002867109602944155,0,-0.07424128404586988
M.Purify-00-0026396,0,1,0,WR,1,1,1,Replacement_WR_rec,Replacement_WR_TE_rush,0.011293007138280286,5.579017749596457e-4,-0.04386887214964908,0.011293007138280286,5.579017749596457e-4,-0,0,0,0,0,0,0,0,0
M.Sims-Walker-00-0025466,62,111,0,WR,173,0,1,M.Sims-Walker-00-0025466,Replacement_WR_TE_rush,-0.024047334978263973,0.030170810144554732,-0.04386887214964908,-2.669254182587301,3.348959926045575,-0,-3.9227779749364124,3.2870328290250543,0,-0.6357451459113581,-0.09833880988140223,0.08240152731373034,0,-0.0159372825676719
M.Stovall-00-0024305,24,46,0,WR,70,0,1,M.Stovall-00-0024305,Replacement_WR_TE_rush,-9.843793920723148e-4,-0.009251816516995722,-0.04386887214964908,-0.04528145203532648,-0.4255835597818032,-0,-0.5647597803962197,-0.45124704142994687,0,-1.0160068218261666,-0.014157774166137093,-0.011312161254154103,0,-0.0254699354202912
M.Thomas-00-0027076,47,61,11,WR,119,0,0,M.Thomas-00-0027076,M.Thomas-00-0027076,-0.005749553066457616,0.05442696562760222,-0.0037777005158803373,-0.35072273705391455,3.3200449032837356,-0.04155470567468371,-1.039596172489012,3.286012895011197,0.44100288797145615,2.687419610493641,-0.026061288967415382,0.08237595892884567,0.011055353995169033,0.0673700239565993
M.Wallace-00-0026901,39,72,5,WR,116,0,0,M.Wallace-00-0026901,M.Wallace-00-0026901,0.043161662080587034,0.014981749801112785,0.004665301140831995,3.1076396698022664,1.0786859856801205,0.023326505704159974,2.294543155846086,1.038517057883026,0.24267086645240538,3.575731080181517,0.05752113543236628,0.026034237004047507,0.0060834348393640795,0.08963880727577787
N.Burleson-00-0021999,63,103,2,WR,168,0,1,N.Burleson-00-0021999,Replacement_WR_TE_rush,0.0567849305627108,-0.0038511670840096065,-0.04386887214964908,5.848847847959212,-0.3966702096529895,-0.08773774429929816,4.685668112716343,-0.454134092473833,0,4.23153402024251,0.11746344775254083,-0.01138453577178844,0,0.1060789119807524
N.Hughes-00-0026100,5,12,0,WR,17,1,1,Replacement_WR_rec,Replacement_WR_TE_rush,0.011293007138280286,5.579017749596457e-4,-0.04386887214964908,0.13551608565936343,0.006694821299515748,-0,0,0,0,0,0,0,0,0
N.Washington-00-0023367,46,93,2,WR,141,0,1,N.Washington-00-0023367,Replacement_WR_TE_rush,-0.012421889302437717,0.010835725038662345,-0.04386887214964908,-1.1552357051267077,1.0077224285955981,-0.08773774429929816,-2.205485368986774,0.9558375635243511,0,-1.249647805462423,-0.05528857554078632,0.02396157239524818,0,-0.03132700314553814
P.Crayton-00-0022766,37,67,4,WR,108,0,0,P.Crayton-00-0022766,P.Crayton-00-0022766,0.021515913909823527,0.016188897420563498,-3.881711298633031e-4,1.4415662319581763,1.0846561271777544,-0.0015526845194532124,0.6849347536933972,1.0472767082554582,0.17392280407914312,1.9061342660279985,0.017170400403737324,0.02625382975135718,0.004360012642483664,0.04778424279757817
P.Garcon-00-0026345,47,91,2,WR,140,0,1,P.Garcon-00-0026345,Replacement_WR_TE_rush,0.03941854850849197,0.024845609614220422,-0.04386887214964908,3.587087914272769,2.2609504748940585,-0.08773774429929816,2.559424264689263,2.2101814133727307,0,4.7696056780619935,0.06416135141454316,0.055406299107864494,0,0.11956765052240766
P.Harvin-00-0026998,60,90,15,WR,165,0,0,P.Harvin-00-0026998,P.Harvin-00-0026998,-0.015166625868397997,0.0796033096219929,0.012450020339073931,-1.3649963281558197,7.164297865979361,0.18675030508610896,-2.3813669706010456,7.114086706232992,0.8447833873308452,5.577503122962792,-0.05969769262395816,0.17834066178456034,0.021177592371651267,0.13982056153225345
Q.Cosby-00-0026716,4,6,1,WR,11,1,1,Replacement_WR_rec,Replacement_WR_TE_rush,0.011293007138280286,5.579017749596457e-4,-0.04386887214964908,0.06775804282968172,0.003347410649757874,-0.04386887214964908,0,0,0,0,0,0,0,0
Q.Lawrence-00-0027122,1,2,2,WR,5,1,1,Replacement_WR_rec,Replacement_WR_TE_rush,0.011293007138280286,5.579017749596457e-4,-0.04386887214964908,0.02258601427656057,0.0011158035499192914,-0.08773774429929816,0,0,0,0,0,0,0,0
R.Barden-00-0026902,1,1,0,WR,2,1,1,Replacement_WR_rec,Replacement_WR_TE_rush,0.011293007138280286,5.579017749596457e-4,-0.04386887214964908,0.011293007138280286,5.579017749596457e-4,-0,0,0,0,0,0,0,0,0
R.Brown-00-0023470,9,23,1,WR,33,0,1,R.Brown-00-0023470,Replacement_WR_TE_rush,-0.0010075571220112113,-0.021680979019553952,-0.04386887214964908,-0.02317381380625786,-0.4986625174497409,-0.04386887214964908,-0.28291297798670445,-0.5114942582738128,0,-0.7944072362605172,-0.007092250882658442,-0.012822478595830465,0,-0.019914729478488907
R.Davis-00-0023429,4,7,0,WR,11,1,1,Replacement_WR_rec,Replacement_WR_TE_rush,0.011293007138280286,5.579017749596457e-4,-0.04386887214964908,0.079051049967962,0.00390531242471752,-0,0,0,0,0,0,0,0,0
R.Martin-00-0022421,6,12,0,WR,18,1,1,Replacement_WR_rec,Replacement_WR_TE_rush,0.011293007138280286,5.579017749596457e-4,-0.04386887214964908,0.13551608565936343,0.006694821299515748,-0,0,0,0,0,0,0,0,0
R.Meachem-00-0025414,45,64,6,WR,115,0,0,R.Meachem-00-0025414,R.Meachem-00-0025414,0.07628630808238228,0.04431743384736853,0.010875482384042099,4.882323717272466,2.836315766231586,0.0652528943042526,4.159571260422528,2.800610052634169,0.3284661272021471,7.288647440258844,0.10427490160807946,0.07020755731718407,0.00823420755438906,0.1827166664796526
R.Moss-00-0011754,83,138,0,WR,221,0,1,R.Moss-00-0011754,Replacement_WR_TE_rush,0.0463069299337828,-0.048828343177416675,-0.04386887214964908,6.390356330862026,-6.738311358483501,-0,4.831921345779347,-6.815301803427932,0,-1.9833804576485852,0.12112982116766034,-0.1708505229237556,0,-0.04972070175609528
R.Parrish-00-0023490,3,4,2,WR,9,1,1,Replacement_WR_rec,Replacement_WR_TE_rush,0.011293007138280286,5.579017749596457e-4,-0.04386887214964908,0.04517202855312114,0.0022316070998385827,-0.08773774429929816,0,0,0,0,0,0,0,0
R.Wayne-00-0020498,97,146,0,WR,243,0,1,R.Wayne-00-0020498,Replacement_WR_TE_rush,-0.001205927493974238,-0.054667317341829585,-0.04386887214964908,-0.17606541412023874,-7.98142833190712,-0,-1.8248444563091604,-8.062881991051228,0,-9.887726447360388,-0.04574641572851858,-0.20212569364877736,0,-0.24787210937729592
R.White-00-0023462,85,165,1,WR,251,0,1,R.White-00-0023462,Replacement_WR_TE_rush,-0.026100292897017662,-0.005338881175747762,-0.04386887214964908,-4.306548328007914,-0.8809153939983807,-0.04386887214964908,-6.169894505824161,-0.9729691868667223,0,-7.1428636926908835,-0.1546710231048408,-0.02439103933464399,0,-0.17906206243948478
R.Williams-00-0022909,38,86,0,WR,124,0,1,R.Williams-00-0022909,Replacement_WR_TE_rush,2.1725787458474067e-4,-0.04805391986807473,-0.04386887214964908,0.0186841772142877,-4.132637108654427,-0,-0.9525144366778169,-4.180616661300956,0,-5.133131097978772,-0.023878266039073788,-0.10480248172836276,0,-0.12868074776743654
S.Aiken-00-0021915,20,41,0,WR,61,0,1,S.Aiken-00-0021915,Replacement_WR_TE_rush,-0.013067401568323748,0.02903167972380793,-0.04386887214964908,-0.5357634643012736,1.190298868676125,-0,-0.9987767569707653,1.1674248959027795,0,0.16864813893201425,-0.025038000683508903,0.029265784508454157,0,0.0042277838249452524
S.Breaston-00-0025529,55,82,2,WR,139,0,1,S.Breaston-00-0025529,Replacement_WR_TE_rush,0.01735390610466672,0.005900539363579221,-0.04386887214964908,1.423020300582671,0.4838442278134961,-0.08773774429929816,0.4969937152436875,0.4380962822668052,0,0.9350899975104927,0.01245896932935466,0.010982489268280047,0,0.023441458597634707
S.Giguere-00-0025992,0,2,0,WR,2,1,1,Replacement_WR_rec,Replacement_WR_TE_rush,0.011293007138280286,5.579017749596457e-4,-0.04386887214964908,0.02258601427656057,0.0011158035499192914,-0,0,0,0,0,0,0,0,0
S.Holmes-00-0024240,79,138,3,WR,220,0,1,S.Holmes-00-0024240,Replacement_WR_TE_rush,0.02439556317652651,-0.01961664395451182,-0.04386887214964908,3.3665877183606585,-2.7070968657226313,-0.13160661644894725,1.8081527332779792,-2.7840873106670623,0,-0.9759345773890831,0.045327976502989135,-0.06979335422146869,0,-0.02446537771847956
S.Hurd-00-0023953,7,12,0,WR,19,1,1,Replacement_WR_rec,Replacement_WR_TE_rush,0.011293007138280286,5.579017749596457e-4,-0.04386887214964908,0.13551608565936343,0.006694821299515748,-0,0,0,0,0,0,0,0,0
S.Morey-00-0011641,0,1,0,WR,1,1,1,Replacement_WR_rec,Replacement_WR_TE_rush,0.011293007138280286,5.579017749596457e-4,-0.04386887214964908,0.011293007138280286,5.579017749596457e-4,-0,0,0,0,0,0,0,0,0
S.Moss-00-0020494,70,119,2,WR,191,0,1,S.Moss-00-0020494,Replacement_WR_TE_rush,-0.02580868620415477,-0.045060953698698704,-0.04386887214964908,-3.0712336582944175,-5.362253490145146,-0.08773774429929816,-4.415101507749771,-5.428643801365344,0,-9.843745309115114,-0.1106807039684001,-0.13608885695473827,0,-0.24676956092313834
S.Moss-00-0024259,1,4,0,WR,5,1,1,Replacement_WR_rec,Replacement_WR_TE_rush,0.011293007138280286,5.579017749596457e-4,-0.04386887214964908,0.04517202855312114,0.0022316070998385827,-0,0,0,0,0,0,0,0,0
S.Rice-00-0025431,82,122,0,WR,204,0,1,S.Rice-00-0025431,Replacement_WR_TE_rush,0.16449623706630695,0.04314471575117065,-0.04386887214964908,20.068540922089447,5.263655321642819,-0,18.690794051219253,5.195591305097742,0,23.886385356316996,0.46855326874957487,0.13024654182263665,0,0.5987998105722115
S.Smith-00-0020337,64,127,5,WR,196,0,0,S.Smith-00-0020337,S.Smith-00-0020337,-0.06702384591655207,-0.04833997676389392,-0.0015430998892835858,-8.512028431402113,-6.139177049014528,-0.007715499446417929,-9.94624033796371,-6.210030574434403,0.21162886130182748,-15.944642051096286,-0.2493389745428052,-0.15567718079351636,0.005305253187905799,-0.3997109021484158
S.Smith-00-0025438,107,157,0,WR,264,0,1,S.Smith-00-0025438,Replacement_WR_TE_rush,0.07172894998239218,0.014367795187733064,-0.04386887214964908,11.261445147235573,2.255743844474091,-0,9.488443026525568,2.1681532658054268,0,11.656596292330995,0.23786260675921628,0.05435270952423388,0,0.29221531628345015
S.Stroughter-00-0026953,31,58,0,WR,89,0,1,S.Stroughter-00-0026953,Replacement_WR_TE_rush,-0.04874535751010044,-0.020141735467070456,-0.04386887214964908,-2.8272307355858253,-1.1682206570900864,-0,-3.482225149606082,-1.200578960037746,0,-4.682804109643827,-0.08729473835615201,-0.03009691266064511,0,-0.1173916510167971
St.Johnson-00-0026364,2,3,0,WR,5,1,1,Replacement_WR_rec,Replacement_WR_TE_rush,0.011293007138280286,5.579017749596457e-4,-0.04386887214964908,0.03387902141484086,0.001673705324878937,-0,0,0,0,0,0,0,0,0
T.Carter-00-0021174,1,5,0,WR,6,1,1,Replacement_WR_rec,Replacement_WR_TE_rush,0.011293007138280286,5.579017749596457e-4,-0.04386887214964908,0.056465035691401426,0.0027895088747982282,-0,0,0,0,0,0,0,0,0
T.Copper-00-0022388,4,6,0,WR,10,1,1,Replacement_WR_rec,Replacement_WR_TE_rush,0.011293007138280286,5.579017749596457e-4,-0.04386887214964908,0.06775804282968172,0.003347410649757874,-0,0,0,0,0,0,0,0,0
T.Ginn-00-0025396,38,78,7,WR,123,0,0,T.Ginn-00-0025396,T.Ginn-00-0025396,0.003375009345846111,-0.011334754982165357,-1.3607669688837448e-4,0.26325072897599666,-0.8841108886088979,-9.525368782186214e-4,-0.6176038278098656,-0.9276272270557502,0.30612956816932496,-1.2391014866962908,-0.015482503927845967,-0.02325437689950486,0.007674259821897516,-0.03106262100545331
T.Grisham-00-0026562,1,2,0,WR,3,1,1,Replacement_WR_rec,Replacement_WR_TE_rush,0.011293007138280286,5.579017749596457e-4,-0.04386887214964908,0.02258601427656057,0.0011158035499192914,-0,0,0,0,0,0,0,0,0
T.Holt-00-0007681,50,101,0,WR,151,0,1,T.Holt-00-0007681,Replacement_WR_TE_rush,0.040058881714199794,-0.03021535190592428,-0.04386887214964908,4.045947053134179,-3.051750542498352,-0,2.90535333216787,-3.1080986217692765,0,-0.2027452896014066,0.07283333158180738,-0.07791588548005235,0,-0.005082553898244966
T.Houshmandzadeh-00-0020438,79,135,0,WR,214,0,1,T.Houshmandzadeh-00-0020438,Replacement_WR_TE_rush,0.009295800792326848,-0.011333525948695217,-0.04386887214964908,1.2549331069641245,-1.5300260030738542,-0,-0.269622856703714,-1.6053427426934064,0,-1.8749655993971204,-0.006759085274383106,-0.04024380063742321,0,-0.04700288591180631
T.Owens-00-0012478,54,108,5,WR,167,0,0,T.Owens-00-0012478,T.Owens-00-0012478,-0.03964510724325402,0.00895844061385087,-0.00399812574676535,-4.281671582271434,0.9675115862958938,-0.01999062873382675,-5.501316353205705,0.9072581946002521,0.19935373201441864,-4.394704426591034,-0.13791066086632503,0.02274375243314265,0.004997532074710832,-0.11016937635847156
T.Watkins-00-0024432,8,19,0,WR,27,0,1,T.Watkins-00-0024432,Replacement_WR_TE_rush,-0.01677373635268766,-0.005514184890311486,-0.04386887214964908,-0.31870099070106556,-0.10476951291591824,-0,-0.5332681263283909,-0.11536964664015151,0,-0.6486377729685424,-0.013368320416265537,-0.0028921631097957616,0,-0.016260483526061298
T.Williamson-00-0023442,3,4,0,WR,7,1,1,Replacement_WR_rec,Replacement_WR_TE_rush,0.011293007138280286,5.579017749596457e-4,-0.04386887214964908,0.04517202855312114,0.0022316070998385827,-0,0,0,0,0,0,0,0,0
V.Jackson-00-0023496,65,105,3,WR,173,0,1,V.Jackson-00-0023496,Replacement_WR_TE_rush,0.11424058325544185,0.018744439838086616,-0.04386887214964908,11.995261241821394,1.9681661829990946,-0.13160661644894725,10.809495492301965,1.9095864966283318,0,12.719081988930297,0.2709796294674537,0.047870785612604154,0,0.31885041508005785
W.Welker-00-0022427,123,162,5,WR,290,0,0,W.Welker-00-0022427,W.Welker-00-0022427,-0.05449346892703334,0.12211486244158874,0.00634877833627515,-8.827941966179402,19.782607715537377,0.03174389168137575,-10.657409122580809,19.692227627993915,0.25108825242962113,9.285906757842728,-0.26716702709915274,0.4936578723607167,0.006294447474950528,0.23278529273651447
W.Wright-00-0024171,2,3,0,WR,5,1,1,Replacement_WR_rec,Replacement_WR_TE_rush,0.011293007138280286,5.579017749596457e-4,-0.04386887214964908,0.03387902141484086,0.001673705324878937,-0,0,0,0,0,0,0,0,0
C.Benson-00-0018958,0,0,2,WR,2,1,1,Replacement_WR_rec,Replacement_WR_TE_rush,0.011293007138280286,5.579017749596457e-4,-0.04386887214964908,0,0,-0.08773774429929816,0,0,0,0,0,0,0,0
J.Lewis-00-0027026,0,0,1,WR,1,1,1,Replacement_WR_rec,Replacement_WR_TE_rush,0.011293007138280286,5.579017749596457e-4,-0.04386887214964908,0,0,-0.04386887214964908,0,0,0,0,0,0,0,0
None-00-0021190,0,0,1,WR,1,1,1,Replacement_WR_rec,Replacement_WR_TE_rush,0.011293007138280286,5.579017749596457e-4,-0.04386887214964908,0,0,-0.04386887214964908,0,0,0,0,0,0,0,0
